,count,mean,std,min,25%,50%,75%,max
n_events,173.0,841.335,689.196,1.0,353.0,743.0,1125.0,3994.0
n_interactions,173.0,605.231,507.37,0.0,294.0,509.0,831.0,3699.0
n_sessions,173.0,38.121,38.479,1.0,16.0,29.0,48.0,338.0
mean_session_min,173.0,12.743,8.038,0.0,7.8,10.702,15.466,39.756
median_session_min,173.0,3.302,4.881,0.0,0.958,1.683,3.15,40.567
events_per_session,173.0,27.237,24.532,1.0,12.808,19.736,32.678,166.071
active_days,173.0,23.971,16.916,0.0,13.0,21.0,32.0,87.0
sessions_per_active_day,173.0,1.399,0.327,0.0,1.2,1.37,1.556,2.455
longest_inactive_streak,173.0,27.728,18.156,0.0,17.0,23.0,34.0,102.0
weekly_cv,173.0,2.461,0.989,0.0,1.753,2.228,2.956,4.899
trend_slope,173.0,-0.013,0.064,-0.212,-0.052,-0.01,0.025,0.209
active_week_ratio,173.0,0.495,0.239,0.0,0.36,0.52,0.68,1.0
peak2_share,173.0,0.637,0.214,0.0,0.481,0.621,0.809,1.0
rush_share,173.0,0.199,0.219,0.0,0.02,0.134,0.271,1.0
first_access_day,173.0,18.081,28.696,0.0,1.0,8.0,20.0,175.0
days_since_last_active,173.0,30.301,33.25,0.0,1.0,24.0,41.0,175.0
night_share,173.0,0.193,0.215,0.0,0.02,0.111,0.333,0.976
weekend_share,173.0,0.317,0.25,0.0,0.135,0.272,0.433,1.0
first_assessment_day,173.0,70.202,51.759,6.0,19.0,86.0,104.0,175.0
share_learning_content,173.0,0.312,0.196,0.0,0.165,0.303,0.442,0.839
share_practice_quiz,173.0,0.057,0.101,0.0,0.0,0.001,0.078,0.487
share_graded_quiz,173.0,0.157,0.155,0.0,0.073,0.112,0.197,0.946
share_assignment,173.0,0.065,0.098,0.0,0.0,0.006,0.118,0.491
share_social,173.0,0.011,0.015,0.0,0.0,0.003,0.017,0.071
share_navigation,173.0,0.387,0.188,0.0,0.286,0.378,0.479,1.0
quiz_attempts_started,173.0,3.844,3.194,0.0,3.0,3.0,4.0,16.0
quiz_attempts_submitted,173.0,3.543,2.922,0.0,2.0,3.0,4.0,15.0
assignments_submitted,173.0,1.578,2.226,0.0,0.0,0.0,4.0,8.0
