user,n_events,n_interactions,n_sessions,mean_session_min,median_session_min,events_per_session,active_days,sessions_per_active_day,longest_inactive_streak,weekly_cv,trend_slope,active_week_ratio,peak2_share,rush_share,first_access_day,days_since_last_active,night_share,weekend_share,first_assessment_day,share_learning_content,share_practice_quiz,share_graded_quiz,share_assignment,share_social,share_navigation,quiz_attempts_started,quiz_attempts_submitted,assignments_submitted
1091,241,215.0,16,6.6219,0.5917,15.0625,13.0,1.2308,50.0,2.7483,-0.0184,0.36,0.8093,0.0,21.0,1.0,0.0,0.8744,107.0,0.414,0.0,0.3488,0.0,0.0419,0.1953,3,3,0
1188,1,1.0,1,0.0,0.0,1.0,1.0,1.0,0.0,4.899,-0.0769,0.04,1.0,0.0,61.0,110.0,0.0,0.0,175.0,0.0,0.0,0.0,0.0,0.0,1.0,0,0,0
1214,52,52.0,15,3.3233,1.4333,3.4667,8.0,1.875,12.0,2.6224,0.0044,0.2,0.7692,0.0769,77.0,53.0,0.0,0.25,175.0,0.4231,0.0,0.0,0.0,0.0,0.5769,0,0,0
2472,50,50.0,11,17.0182,15.8667,4.5455,5.0,2.2,25.0,3.6851,-0.0146,0.12,0.9,0.0,54.0,63.0,0.36,0.28,175.0,0.28,0.0,0.0,0.0,0.0,0.72,0,0,0
2502,905,893.0,29,18.223,13.9833,31.2069,22.0,1.3182,26.0,3.1388,-0.0505,0.48,0.7514,0.1153,28.0,9.0,0.4278,0.1848,29.0,0.5431,0.0336,0.0493,0.1198,0.0034,0.2508,3,2,5
3196,85,74.0,2,13.4583,13.4583,42.5,1.0,2.0,0.0,4.899,0.1154,0.04,1.0,0.0,128.0,43.0,0.0,1.0,128.0,0.0,0.0,0.9459,0.0,0.0,0.0541,2,2,0
3210,486,479.0,65,8.6877,0.3833,7.4769,38.0,1.7105,10.0,1.8463,0.0587,0.6,0.5386,0.071,50.0,17.0,0.1127,0.2923,117.0,0.3862,0.0021,0.1378,0.0042,0.0104,0.4593,2,2,0
3242,278,275.0,8,11.7646,1.575,34.75,7.0,1.1429,52.0,2.798,0.0931,0.28,0.8145,0.0073,50.0,30.0,0.1309,0.8218,114.0,0.2509,0.0145,0.3527,0.0145,0.0,0.3673,4,3,0
3251,416,346.0,26,8.9981,1.0667,16.0,21.0,1.2381,19.0,1.7231,-0.0496,0.56,0.4364,0.2312,0.0,40.0,0.4133,0.448,96.0,0.3035,0.0,0.1965,0.0,0.0058,0.4942,3,3,0
3252,876,327.0,27,13.5852,1.1,32.4444,18.0,1.5,47.0,2.8658,-0.0389,0.4,0.792,0.2446,1.0,27.0,0.1835,0.315,101.0,0.3089,0.0153,0.208,0.0,0.0,0.4679,4,3,0
3253,1081,1053.0,83,13.5496,2.4,13.0241,45.0,1.8444,16.0,1.9656,0.0442,0.8,0.5337,0.4036,3.0,0.0,0.1757,0.1073,13.0,0.301,0.1966,0.0589,0.1149,0.0057,0.3229,14,2,4
3254,983,801.0,25,10.4273,3.8,39.32,19.0,1.3158,24.0,2.1836,-0.0818,0.44,0.5593,0.1236,8.0,41.0,0.0924,0.2722,9.0,0.4145,0.0025,0.0974,0.1199,0.03,0.3358,3,3,4
3255,574,130.0,16,10.8875,0.975,35.875,13.0,1.2308,62.0,3.1786,0.0395,0.44,0.7385,0.0231,22.0,0.0,0.0,0.2077,106.0,0.0462,0.0,0.5846,0.0,0.0,0.3692,3,3,0
3256,106,97.0,5,15.3433,3.1667,21.2,4.0,1.25,70.0,4.1117,0.0242,0.12,0.9691,0.0,15.0,63.0,0.0206,0.9691,37.0,0.0,0.0,0.7423,0.1134,0.0,0.1443,3,3,1
3257,207,155.0,5,29.24,17.65,41.4,6.0,0.8333,50.0,3.3199,-0.0373,0.2,0.8968,0.6387,5.0,63.0,0.0581,0.271,6.0,0.1355,0.0,0.4581,0.0129,0.0,0.3935,3,3,0
3258,669,650.0,31,7.6817,1.7167,21.5806,18.0,1.7222,38.0,3.6386,-0.0525,0.52,0.8631,0.12,0.0,0.0,0.4723,0.0492,13.0,0.66,0.0015,0.1077,0.0492,0.0492,0.1323,3,2,2
3259,801,302.0,19,9.8035,3.3167,42.1579,13.0,1.4615,32.0,2.4724,-0.0263,0.36,0.7252,0.0066,0.0,39.0,0.0132,0.0099,105.0,0.245,0.0,0.351,0.0,0.0,0.404,3,3,0
3260,478,154.0,22,9.2439,0.9333,21.7273,16.0,1.375,29.0,2.8146,0.0667,0.48,0.8117,0.5195,28.0,7.0,0.0,0.3247,96.0,0.2662,0.0,0.4481,0.0,0.0,0.2857,3,3,0
3261,1445,812.0,84,8.7063,0.4417,17.2024,51.0,1.6471,25.0,1.5912,0.0238,0.72,0.4433,0.3005,2.0,0.0,0.1108,0.2722,14.0,0.2648,0.1367,0.0973,0.1946,0.0123,0.2943,7,7,6
3262,750,544.0,30,14.6506,11.8083,25.0,19.0,1.5789,20.0,2.0863,-0.0965,0.44,0.5386,0.1048,10.0,43.0,0.2996,0.8309,14.0,0.4779,0.0,0.1324,0.1967,0.0,0.193,3,3,5
3263,1213,647.0,41,17.1911,2.2167,29.5854,33.0,1.2424,30.0,1.524,0.0093,0.72,0.4297,0.0185,1.0,6.0,0.1716,0.1206,14.0,0.1855,0.2519,0.1082,0.0371,0.0015,0.4158,5,4,1
3264,678,673.0,48,9.4913,1.5167,14.125,23.0,2.087,41.0,2.0111,-0.1303,0.36,0.529,0.0594,2.0,68.0,0.0074,0.1857,103.0,0.367,0.0015,0.0446,0.0,0.0134,0.5736,1,1,0
3265,865,640.0,21,21.9635,2.0333,41.1905,13.0,1.6154,27.0,2.5475,-0.0517,0.32,0.7172,0.2734,13.0,42.0,0.0031,0.7172,65.0,0.5562,0.0,0.1234,0.0031,0.0016,0.3156,3,3,0
3266,896,777.0,27,18.6802,11.6667,33.1852,23.0,1.1739,27.0,2.2877,-0.0681,0.44,0.6577,0.1557,0.0,40.0,0.4543,0.3797,15.0,0.2265,0.2625,0.094,0.0489,0.0064,0.3616,9,9,1
3267,81,81.0,8,4.3521,1.7917,10.125,7.0,1.1429,35.0,3.2644,-0.1159,0.2,0.9012,0.0,1.0,93.0,0.2222,0.2469,175.0,0.4444,0.0,0.0,0.0,0.0123,0.5432,0,0,0
3268,1058,593.0,25,17.5407,14.5833,42.32,21.0,1.1905,20.0,2.4093,-0.0566,0.56,0.6105,0.0051,19.0,20.0,0.1046,0.5042,19.0,0.344,0.0,0.1231,0.0405,0.0067,0.4857,3,3,1
3269,498,417.0,37,7.7995,1.6333,13.4595,25.0,1.48,19.0,1.8239,0.0148,0.72,0.5468,0.0192,14.0,1.0,0.4125,0.7554,14.0,0.2206,0.0072,0.1847,0.2158,0.0,0.3717,4,3,4
3270,196,136.0,22,2.9348,0.2917,8.9091,20.0,1.1,13.0,2.9237,-0.0088,0.6,0.7279,0.0368,13.0,38.0,0.0,0.6471,107.0,0.0147,0.0,0.5221,0.0,0.0,0.4632,3,3,0
3271,943,744.0,40,9.0858,0.7333,23.575,30.0,1.3333,38.0,2.2344,-0.1027,0.56,0.6438,0.0,0.0,18.0,0.5874,0.1613,14.0,0.3051,0.0013,0.121,0.1747,0.0134,0.3844,3,3,6
3272,984,659.0,44,39.3125,5.4417,22.3636,25.0,1.76,30.0,2.1154,-0.0305,0.44,0.6115,0.2124,0.0,38.0,0.0516,0.1548,98.0,0.5311,0.0,0.0986,0.0,0.003,0.3672,3,3,0
3273,803,798.0,39,21.5141,12.4333,20.5897,30.0,1.3,29.0,1.4681,0.0049,0.68,0.3847,0.0689,1.0,20.0,0.5727,0.198,14.0,0.683,0.0,0.0376,0.1454,0.0263,0.1078,1,1,4
3274,760,660.0,64,8.0253,1.2917,11.875,37.0,1.7297,17.0,1.2487,0.0494,0.8,0.3152,0.1712,14.0,0.0,0.0652,0.0667,14.0,0.3076,0.2394,0.0848,0.1227,0.003,0.2424,5,4,5
3275,174,165.0,19,8.6833,2.45,9.1579,16.0,1.1875,23.0,2.181,0.0007,0.44,0.6182,0.6182,13.0,25.0,0.1152,0.2788,31.0,0.1394,0.0061,0.1818,0.4909,0.0,0.1818,1,1,4
3276,1542,1240.0,90,20.0674,2.5667,17.1333,43.0,2.093,10.0,1.7319,-0.0392,0.72,0.4403,0.2105,2.0,28.0,0.5097,0.1492,106.0,0.6435,0.0,0.0605,0.0,0.0403,0.2556,3,3,0
3277,437,354.0,38,12.6803,1.8,11.5,24.0,1.5833,32.0,1.8544,-0.0401,0.52,0.5339,0.2994,4.0,36.0,0.1243,0.1751,95.0,0.3785,0.0028,0.209,0.0,0.0028,0.4068,3,3,0
3278,674,643.0,78,11.4797,0.8167,8.641,50.0,1.56,22.0,1.4102,-0.0974,0.72,0.3655,0.0311,4.0,8.0,0.1104,0.1353,21.0,0.4448,0.0,0.112,0.1851,0.0156,0.2426,4,3,5
3279,353,122.0,20,3.21,0.3667,17.65,17.0,1.1765,16.0,2.2398,0.0219,0.48,0.6639,0.3852,32.0,41.0,0.0,0.3689,100.0,0.0164,0.0,0.5902,0.0,0.0082,0.3852,3,3,0
3280,16,16.0,1,10.1667,10.1667,16.0,1.0,1.0,0.0,4.899,-0.2115,0.04,1.0,0.0,12.0,159.0,0.0,0.0,175.0,0.3125,0.0,0.0,0.0,0.0,0.6875,0,0,0
3281,785,754.0,14,26.4917,3.2667,56.0714,11.0,1.2727,66.0,4.0851,-0.0099,0.32,0.9708,0.0066,14.0,32.0,0.5743,0.0027,95.0,0.4337,0.0,0.13,0.0,0.0358,0.4005,3,3,0
3282,2062,1371.0,54,28.9031,14.9667,38.1852,22.0,2.4545,26.0,1.8971,0.0892,0.52,0.5317,0.0875,3.0,0.0,0.0204,0.5128,104.0,0.5274,0.1065,0.0664,0.0,0.0,0.2998,8,8,0
3283,1125,960.0,79,10.4011,3.0333,14.2405,48.0,1.6458,13.0,1.368,0.0116,0.76,0.35,0.2781,3.0,22.0,0.5156,0.2812,68.0,0.2031,0.1406,0.1135,0.0062,0.0042,0.5323,9,8,0
3284,400,379.0,25,8.9987,1.35,16.0,23.0,1.087,23.0,1.9319,-0.0661,0.64,0.5383,0.0844,0.0,4.0,0.4908,0.2744,14.0,0.2639,0.0,0.1821,0.0053,0.0026,0.5462,3,3,0
3285,1024,950.0,53,6.2409,0.5833,19.3208,39.0,1.359,16.0,1.7531,-0.0434,0.8,0.4947,0.0947,20.0,3.0,0.0021,0.0905,95.0,0.6895,0.0632,0.0758,0.0,0.0168,0.1547,6,5,0
3286,3,3.0,1,1.6833,1.6833,3.0,1.0,1.0,0.0,4.899,0.0192,0.04,1.0,1.0,91.0,80.0,0.0,0.0,175.0,0.0,0.0,0.0,0.0,0.0,1.0,0,0,0
3287,497,488.0,29,9.5557,2.8,17.1379,21.0,1.381,32.0,2.6671,0.0041,0.44,0.6803,0.1598,0.0,0.0,0.3975,0.2828,36.0,0.4324,0.0,0.1209,0.1803,0.0,0.2664,1,1,4
3288,1105,853.0,66,8.6333,2.1167,16.7424,50.0,1.32,28.0,1.7125,-0.0367,0.8,0.4385,0.3505,1.0,1.0,0.0352,0.1934,8.0,0.1583,0.2462,0.0914,0.2098,0.0012,0.2931,7,7,6
3289,803,340.0,22,19.8955,2.9417,36.5,13.0,1.6923,98.0,2.3948,0.114,0.32,0.6529,0.0235,0.0,1.0,0.0471,0.1971,101.0,0.2029,0.0118,0.2382,0.0059,0.0441,0.4971,3,3,0
3290,867,821.0,36,8.5505,1.3333,24.0833,29.0,1.2414,22.0,2.2741,-0.1004,0.64,0.6553,0.1108,2.0,21.0,0.3301,0.0987,14.0,0.5615,0.0,0.0889,0.1023,0.0292,0.218,3,3,4
3291,137,114.0,8,14.0292,10.35,17.125,4.0,2.0,61.0,4.0222,0.0761,0.12,0.9561,0.0,56.0,1.0,0.0877,0.9561,107.0,0.0439,0.0,0.6228,0.0,0.0,0.3333,3,3,0
3292,832,830.0,31,23.1247,1.3833,26.8387,21.0,1.4762,31.0,2.5562,-0.0287,0.6,0.7157,0.0602,5.0,0.0,0.2313,0.6602,37.0,0.659,0.0,0.0349,0.1036,0.0193,0.1831,1,1,4
3293,1328,234.0,20,13.3525,0.6167,66.4,18.0,1.1111,13.0,2.2288,0.0029,0.56,0.6538,0.2863,22.0,39.0,0.0,0.3846,104.0,0.188,0.0,0.2991,0.0,0.0171,0.4957,3,3,0
3294,351,307.0,8,33.7729,21.375,43.875,6.0,1.3333,26.0,2.9183,0.0075,0.24,0.7752,0.0,37.0,43.0,0.1107,0.8111,86.0,0.3811,0.0,0.2215,0.0065,0.0,0.3909,3,3,0
3295,611,306.0,27,7.7981,1.55,22.6296,22.0,1.2273,24.0,1.9366,0.0029,0.56,0.5621,0.3007,4.0,25.0,0.0,0.2451,99.0,0.183,0.1765,0.2353,0.0,0.0,0.4052,5,5,0
3296,1024,917.0,35,15.1248,4.3667,29.2571,23.0,1.5217,36.0,1.7355,0.0229,0.52,0.4198,0.0556,22.0,3.0,0.0087,0.6379,107.0,0.4417,0.0,0.0992,0.0,0.0022,0.4569,3,3,0
3297,980,972.0,42,14.0444,6.65,23.3333,28.0,1.5,14.0,1.7584,-0.0229,0.64,0.4794,0.1193,16.0,45.0,0.1337,0.4167,24.0,0.2623,0.0309,0.0802,0.106,0.0082,0.5123,2,2,4
3298,1674,1262.0,107,17.0612,1.4167,15.6449,57.0,1.8772,7.0,1.5062,-0.0337,0.88,0.3724,0.1775,8.0,17.0,0.6886,0.3962,8.0,0.2821,0.187,0.0563,0.0927,0.0317,0.3502,11,10,8
3299,676,549.0,69,10.5034,1.3667,9.7971,45.0,1.5333,34.0,1.3956,-0.0016,0.76,0.3552,0.3552,1.0,1.0,0.3752,0.4718,100.0,0.2077,0.1548,0.1475,0.0,0.0018,0.4882,7,6,0
3300,1316,1299.0,78,18.6284,1.3417,16.8718,49.0,1.5918,34.0,2.0534,0.137,0.76,0.5289,0.0,7.0,1.0,0.0624,0.5828,18.0,0.3372,0.0608,0.0955,0.02,0.0,0.4865,3,2,1
3301,369,312.0,22,9.7326,0.9583,16.7727,16.0,1.375,46.0,2.5153,0.0153,0.44,0.7083,0.7083,19.0,0.0,0.0609,0.1346,41.0,0.4231,0.0,0.2404,0.0385,0.0128,0.2853,3,3,0
3302,2014,831.0,67,12.3244,1.4667,30.0597,52.0,1.2885,14.0,1.3252,0.0127,0.84,0.3598,0.2768,7.0,1.0,0.1637,0.4693,14.0,0.1793,0.0878,0.1324,0.1312,0.0024,0.4669,4,4,4
3303,146,146.0,13,5.709,0.6,11.2308,12.0,1.0833,35.0,3.9728,0.0968,0.36,0.8699,0.0068,16.0,0.0,0.0,0.7603,175.0,0.4795,0.0,0.0,0.0,0.0,0.5205,0,0,0
3304,1465,1319.0,41,10.2756,2.05,35.7317,31.0,1.3226,21.0,2.58,-0.0519,0.6,0.6846,0.003,0.0,39.0,0.0781,0.1873,13.0,0.6823,0.0,0.05,0.091,0.0326,0.144,3,3,4
3305,1292,860.0,62,10.9989,1.6833,20.8387,41.0,1.5122,17.0,1.636,-0.0183,0.68,0.4733,0.1244,13.0,23.0,0.2442,0.3674,13.0,0.1698,0.2593,0.0814,0.1186,0.0174,0.3535,5,5,5
3306,829,641.0,45,24.7374,4.6833,18.4222,26.0,1.7308,19.0,1.8121,0.0306,0.64,0.4945,0.1342,1.0,0.0,0.0484,0.8612,24.0,0.5226,0.0203,0.1232,0.0031,0.0031,0.3276,4,3,0
3307,101,96.0,7,13.7476,2.9667,14.4286,7.0,1.0,46.0,2.9835,-0.026,0.2,0.8438,0.5312,31.0,40.0,0.0104,0.0625,102.0,0.1979,0.0104,0.3125,0.0,0.0,0.4792,1,1,0
3308,1651,1544.0,76,12.4925,1.95,21.7237,43.0,1.7674,17.0,1.7813,0.0786,0.76,0.5181,0.1146,2.0,16.0,0.1276,0.2351,14.0,0.3841,0.2824,0.1043,0.0725,0.0246,0.1321,8,8,5
3309,812,656.0,41,19.1894,2.6667,19.8049,23.0,1.7826,40.0,3.5886,0.0528,0.52,0.846,0.8064,22.0,0.0,0.1799,0.5274,99.0,0.3125,0.3445,0.1143,0.0091,0.0015,0.218,11,11,0
3310,781,753.0,31,28.7516,1.8167,25.1935,23.0,1.3478,37.0,2.0891,0.0302,0.6,0.5618,0.1275,2.0,0.0,0.2829,0.4861,38.0,0.6587,0.0013,0.1076,0.0372,0.0,0.1952,3,3,1
3311,830,509.0,37,12.7793,0.7167,22.4324,27.0,1.3704,18.0,2.2068,-0.0457,0.64,0.5894,0.224,1.0,32.0,0.0098,0.5462,95.0,0.3517,0.0,0.1866,0.0,0.0236,0.4381,3,3,0
3312,316,294.0,25,6.1313,2.35,12.64,23.0,1.087,20.0,1.5548,-0.0184,0.52,0.3946,0.3571,13.0,21.0,0.3129,0.4864,23.0,0.1497,0.0,0.2483,0.2823,0.0034,0.3163,3,3,4
3313,1506,1483.0,19,15.3009,2.35,79.2632,15.0,1.2667,21.0,2.948,-0.0724,0.48,0.7161,0.0499,13.0,47.0,0.0627,0.178,24.0,0.615,0.0,0.0445,0.0492,0.029,0.2623,3,3,3
3314,1002,416.0,44,6.6803,0.7333,22.7727,33.0,1.3333,18.0,1.9987,-0.0088,0.72,0.5938,0.0048,2.0,0.0,0.363,0.3582,14.0,0.3365,0.0024,0.1779,0.0192,0.012,0.4519,3,3,0
3315,10,10.0,4,0.6333,0.6417,2.5,3.0,1.3333,17.0,2.9155,-0.1173,0.12,0.8,0.0,22.0,115.0,0.0,0.2,38.0,0.0,0.0,0.0,0.2,0.0,0.8,0,0,0
3316,11,11.0,4,2.2167,1.2083,2.75,4.0,1.0,19.0,2.8079,-0.1066,0.16,0.8182,0.0,27.0,107.0,0.0,0.0,175.0,0.0,0.0,0.0,0.0,0.0,1.0,0,0,0
3317,1616,688.0,59,9.3463,0.75,27.3898,34.0,1.7353,23.0,1.4258,0.064,0.68,0.3561,0.1381,3.0,0.0,0.1453,0.2776,105.0,0.2078,0.0,0.1047,0.0,0.0058,0.6817,3,3,0
3318,1796,693.0,51,15.466,2.95,35.2157,38.0,1.3421,16.0,1.3952,-0.0206,0.68,0.3665,0.1934,11.0,18.0,0.6392,0.1457,13.0,0.1515,0.3074,0.1082,0.1082,0.0029,0.3218,9,9,3
3319,494,446.0,23,9.5065,1.4167,21.4783,18.0,1.2778,16.0,2.1448,-0.0215,0.48,0.5964,0.2152,39.0,22.0,0.0359,0.1749,51.0,0.5202,0.0224,0.157,0.1435,0.0269,0.13,5,3,3
3320,2383,2313.0,124,7.9046,0.7083,19.2177,78.0,1.5897,16.0,1.65,-0.1012,0.92,0.4812,0.0713,2.0,6.0,0.0035,0.1634,13.0,0.4133,0.1319,0.0143,0.0765,0.0151,0.3489,11,7,6
3321,743,669.0,59,14.5638,1.6833,12.5932,37.0,1.5946,43.0,1.4732,-0.0282,0.6,0.3991,0.2227,0.0,0.0,0.1854,0.5934,14.0,0.2093,0.0927,0.1076,0.1704,0.0194,0.4006,4,4,5
3322,929,757.0,13,22.9872,1.2167,71.4615,10.0,1.3,40.0,4.082,-0.0011,0.32,0.9313,0.103,15.0,42.0,0.4267,0.0542,97.0,0.8388,0.0053,0.0911,0.0,0.0026,0.0621,3,3,0
3323,3059,916.0,26,16.9353,1.3833,117.6538,15.0,1.7333,33.0,3.8854,0.0053,0.4,0.8832,0.0,18.0,19.0,0.1386,0.0207,105.0,0.7653,0.0131,0.0764,0.0,0.0688,0.0764,4,3,0
3324,492,461.0,44,6.011,1.4333,11.1818,32.0,1.375,32.0,1.5319,-0.0806,0.68,0.4252,0.1497,12.0,5.0,0.0369,0.0716,12.0,0.2473,0.0781,0.1193,0.167,0.0,0.3883,2,2,4
3325,672,296.0,6,38.9333,7.4083,112.0,5.0,1.2,18.0,4.779,0.0564,0.16,0.9932,0.0034,79.0,56.0,0.9764,0.9966,108.0,0.4527,0.0,0.2297,0.0,0.0372,0.2804,3,3,0
3326,475,429.0,36,10.3338,3.15,13.1944,24.0,1.5,22.0,1.9392,0.0037,0.6,0.5268,0.1562,18.0,0.0,0.3427,0.331,32.0,0.31,0.0816,0.1818,0.0699,0.042,0.3147,4,4,0
3327,329,313.0,30,12.4206,3.2917,10.9667,22.0,1.3636,22.0,1.7213,-0.0538,0.64,0.4728,0.1342,0.0,14.0,0.2396,0.3706,101.0,0.2748,0.0,0.2524,0.0064,0.0128,0.4537,3,3,0
3328,2130,870.0,71,10.4664,0.9833,30.0,50.0,1.42,15.0,1.6433,0.0425,0.84,0.4448,0.0782,7.0,0.0,0.3483,0.3172,107.0,0.3828,0.0,0.1322,0.0,0.0425,0.4425,3,3,0
3329,901,872.0,40,10.0925,1.6333,22.525,27.0,1.4815,22.0,2.2112,-0.0366,0.68,0.5883,0.0688,12.0,26.0,0.4943,0.383,24.0,0.3716,0.0,0.086,0.1812,0.0,0.3612,3,3,4
3330,894,834.0,84,11.8843,1.15,10.6429,63.0,1.3333,15.0,1.1326,0.0227,0.96,0.3153,0.2242,0.0,0.0,0.705,0.554,7.0,0.3153,0.0635,0.1403,0.0647,0.006,0.4101,5,5,3
3331,393,322.0,30,6.82,1.6917,13.1,17.0,1.7647,31.0,3.0702,-0.0061,0.44,0.7236,0.6677,19.0,31.0,0.3106,0.1646,19.0,0.1584,0.0124,0.2453,0.1925,0.0062,0.3851,4,3,2
3333,595,299.0,28,8.3756,0.4583,21.25,26.0,1.0769,16.0,1.7725,-0.0423,0.68,0.495,0.2642,4.0,40.0,0.6254,0.0669,20.0,0.3278,0.0,0.2241,0.0067,0.0,0.4415,3,3,0
3334,1507,1381.0,140,7.1574,0.625,10.7643,62.0,2.2581,18.0,1.6332,0.0808,0.88,0.4772,0.2708,3.0,0.0,0.1354,0.5916,31.0,0.063,0.3382,0.0471,0.2303,0.0014,0.3201,12,11,7
3335,270,265.0,56,2.8244,0.2917,4.8214,44.0,1.2727,33.0,1.0258,-0.0393,0.8,0.2453,0.2415,3.0,0.0,0.1547,0.3472,13.0,0.0755,0.0,0.1208,0.4566,0.0038,0.3434,1,1,6
3336,1706,1474.0,162,12.3852,1.3,10.5309,87.0,1.8621,9.0,1.1001,0.0253,1.0,0.3094,0.1893,2.0,0.0,0.0366,0.1581,23.0,0.135,0.0977,0.0733,0.1839,0.0075,0.5027,8,6,5
3337,12,12.0,4,2.3958,0.0,3.0,4.0,1.0,75.0,3.7324,0.0304,0.12,0.9167,0.0,14.0,48.0,0.0833,0.0,123.0,0.3333,0.0,0.0833,0.0,0.0,0.5833,0,0,0
3338,317,296.0,6,9.8056,6.4917,52.8333,5.0,1.2,75.0,3.5293,0.0869,0.12,0.9527,0.0,30.0,44.0,0.8277,0.3209,107.0,0.2669,0.0,0.2399,0.0,0.0034,0.4899,3,3,0
3339,671,657.0,37,10.6964,3.7167,18.1351,29.0,1.2759,12.0,1.5363,-0.0923,0.64,0.3866,0.0411,0.0,39.0,0.137,0.6286,30.0,0.1872,0.0,0.102,0.1948,0.003,0.5129,3,3,5
3340,661,130.0,20,6.2683,0.3667,33.05,13.0,1.5385,29.0,2.9165,0.0204,0.44,0.6769,0.6,39.0,20.0,0.0769,0.1462,99.0,0.0615,0.0,0.5538,0.0,0.0,0.3846,3,3,0
3341,762,626.0,51,13.0654,1.4667,14.9412,35.0,1.4571,23.0,1.7514,-0.0609,0.68,0.5144,0.1581,1.0,37.0,0.016,0.369,95.0,0.2971,0.131,0.1326,0.0,0.0,0.4393,7,5,0
3342,758,678.0,12,17.6028,8.9917,63.1667,8.0,1.5,18.0,4.1789,0.006,0.2,0.9941,0.1504,90.0,41.0,0.0914,0.1077,101.0,0.5516,0.0,0.1018,0.0,0.0206,0.326,3,3,0
3343,2861,1848.0,156,10.614,3.1667,18.3397,71.0,2.1972,8.0,1.0175,-0.0516,0.96,0.2668,0.1109,0.0,1.0,0.0465,0.1916,15.0,0.309,0.2343,0.0714,0.0011,0.0032,0.381,10,10,0
3344,1649,461.0,24,17.3736,5.5083,68.7083,16.0,1.5,62.0,2.4383,-0.0624,0.4,0.6464,0.1735,2.0,1.0,0.2603,0.1063,98.0,0.2603,0.2278,0.167,0.0,0.0152,0.3297,7,7,0
3345,738,664.0,39,18.8325,1.5167,18.9231,28.0,1.3929,20.0,2.2961,-0.0112,0.72,0.6491,0.2666,4.0,9.0,0.1898,0.744,93.0,0.4247,0.0377,0.1114,0.0,0.0075,0.4187,4,4,0
3346,1970,1808.0,162,15.7275,2.2667,12.1605,68.0,2.3824,6.0,1.2442,-0.0715,0.8,0.3164,0.1781,3.0,38.0,0.0365,0.2815,13.0,0.5647,0.0863,0.0188,0.068,0.0083,0.2539,6,6,5
3347,195,193.0,16,5.7792,0.6,12.1875,16.0,1.0,24.0,2.3398,0.0306,0.48,0.6839,0.3161,43.0,23.0,0.0,0.3264,44.0,0.0104,0.0,0.3523,0.3575,0.0,0.2798,3,3,4
3348,182,162.0,13,10.2231,1.8333,14.0,11.0,1.1818,82.0,3.115,-0.0679,0.2,0.9136,0.0,4.0,43.0,0.5926,0.037,105.0,0.0247,0.0,0.4198,0.0,0.0,0.5556,2,2,0
3349,754,420.0,38,12.3504,2.2667,19.8421,27.0,1.4074,28.0,2.2181,0.0121,0.72,0.6024,0.2071,1.0,0.0,0.0024,0.1548,95.0,0.1524,0.3071,0.169,0.0,0.0,0.3714,8,8,0
3350,811,284.0,19,11.1772,0.4667,42.6842,14.0,1.3571,48.0,2.1957,-0.0484,0.36,0.5951,0.5951,7.0,43.0,0.0246,0.2606,95.0,0.3239,0.0,0.2817,0.0,0.0035,0.3908,3,3,0
3351,368,336.0,22,8.0364,0.7333,16.7273,20.0,1.1,30.0,2.6947,0.0015,0.4,0.7083,0.7083,12.0,40.0,0.5625,0.6964,32.0,0.1548,0.0,0.1964,0.3155,0.0,0.3333,3,3,5
3352,35,35.0,6,2.7083,1.2667,5.8333,5.0,1.2,23.0,2.8212,-0.0159,0.2,0.7429,0.5429,30.0,65.0,0.0571,0.1143,175.0,0.0571,0.0,0.0,0.0,0.0,0.9429,0,0,0
3353,806,513.0,38,12.2868,0.9833,21.2105,27.0,1.4074,15.0,1.6803,0.0225,0.64,0.4503,0.1365,9.0,37.0,0.0409,0.1852,31.0,0.1637,0.1501,0.1365,0.1209,0.0175,0.4113,6,6,3
3354,48,48.0,4,37.5417,1.7917,12.0,3.0,1.3333,94.0,3.7584,-0.0152,0.08,1.0,0.0,7.0,66.0,0.0,0.25,175.0,0.4792,0.0,0.0,0.0,0.0,0.5208,0,0,0
3355,2811,1974.0,31,17.7065,4.5,90.6774,23.0,1.3478,22.0,2.1071,-0.0492,0.52,0.616,0.382,7.0,20.0,0.1439,0.0025,74.0,0.4265,0.3409,0.0344,0.0106,0.0056,0.1819,13,12,1
3356,1141,1094.0,79,13.5755,3.4167,14.443,57.0,1.386,9.0,1.8513,-0.0914,0.76,0.4982,0.1106,1.0,27.0,0.064,0.4899,9.0,0.4781,0.1079,0.0521,0.192,0.021,0.149,6,5,6
3357,1928,1321.0,59,17.537,1.6667,32.678,41.0,1.439,32.0,2.222,0.0461,0.8,0.673,0.3475,0.0,0.0,0.4474,0.3982,15.0,0.1597,0.4527,0.0901,0.1052,0.0129,0.1794,16,15,5
3358,1565,704.0,69,12.0481,3.4333,22.6812,49.0,1.4082,13.0,1.1592,0.0402,0.88,0.304,0.2628,1.0,17.0,0.0724,0.3423,12.0,0.1634,0.0,0.1207,0.1889,0.0,0.527,3,3,3
3359,473,449.0,17,15.3206,0.4333,27.8235,15.0,1.1333,18.0,2.5095,-0.0111,0.4,0.7194,0.49,8.0,64.0,0.5924,0.2205,104.0,0.5234,0.0,0.1314,0.0,0.0401,0.3051,2,2,0
3360,346,260.0,28,5.0357,1.6,12.3571,24.0,1.1667,20.0,1.8775,-0.0304,0.56,0.5038,0.3423,1.0,34.0,0.4269,0.4308,23.0,0.0577,0.1346,0.1308,0.1615,0.0038,0.5115,2,2,3
3361,333,301.0,26,5.6167,1.1333,12.8077,18.0,1.4444,41.0,1.8476,-0.0708,0.52,0.4485,0.3156,0.0,1.0,0.0066,0.0831,97.0,0.3256,0.0,0.2492,0.0,0.0033,0.4219,3,3,0
3362,1046,1028.0,53,14.7679,3.3,19.7358,39.0,1.359,13.0,2.0364,-0.1162,0.72,0.5379,0.1342,6.0,41.0,0.0136,0.2792,12.0,0.4679,0.0019,0.1002,0.1722,0.0292,0.2286,3,3,6
3363,1352,855.0,22,12.8121,3.1667,61.4545,17.0,1.2941,27.0,2.6278,-0.0188,0.4,0.731,0.5088,0.0,43.0,0.0409,0.4327,15.0,0.5041,0.0,0.117,0.186,0.0047,0.1883,3,3,4
3364,350,340.0,40,10.7025,0.8167,8.75,28.0,1.4286,20.0,2.0666,0.0057,0.76,0.6,0.6,1.0,0.0,0.0147,0.1735,10.0,0.1647,0.0,0.0853,0.2529,0.0029,0.4941,1,1,4
3365,2325,2296.0,14,38.7357,2.45,166.0714,10.0,1.4,28.0,2.3235,-0.0534,0.36,0.5949,0.0344,9.0,40.0,0.1738,0.0571,50.0,0.7278,0.1071,0.0292,0.0074,0.0139,0.1145,9,9,1
3366,1200,962.0,11,30.9818,2.9167,109.0909,10.0,1.1,40.0,3.1663,0.0269,0.24,0.9335,0.9335,74.0,25.0,0.4293,0.4969,97.0,0.4262,0.394,0.0863,0.0,0.0249,0.0686,15,15,0
3367,969,463.0,19,14.3211,8.6,51.0,16.0,1.1875,56.0,2.3271,-0.043,0.4,0.6825,0.4449,7.0,37.0,0.473,0.3585,99.0,0.2851,0.0648,0.3045,0.0,0.0,0.3456,4,4,0
3369,1530,731.0,93,11.372,1.45,16.4516,56.0,1.6607,12.0,1.4388,-0.0861,0.72,0.4309,0.2654,0.0,41.0,0.0,0.1819,103.0,0.3379,0.0,0.2093,0.0,0.0014,0.4514,3,3,0
3370,14,14.0,3,1.3056,1.9,4.6667,3.0,1.0,7.0,4.5479,-0.2088,0.08,1.0,0.0,10.0,150.0,0.0,0.4286,175.0,0.2857,0.0714,0.0,0.0,0.0714,0.5714,0,0,0
3371,1763,854.0,24,28.4514,9.8833,73.4583,15.0,1.6,46.0,2.9833,-0.0392,0.44,0.8501,0.1054,20.0,21.0,0.0199,0.9496,25.0,0.6194,0.0012,0.0867,0.0023,0.0012,0.2892,3,3,0
3372,490,126.0,6,27.2472,4.4917,81.6667,5.0,1.2,102.0,3.0281,0.0449,0.2,0.7302,0.6032,0.0,37.0,0.127,0.127,103.0,0.0714,0.0,0.6111,0.0,0.0,0.3175,3,3,0
3373,942,652.0,48,13.591,1.9167,19.625,35.0,1.3714,18.0,1.9431,-0.0291,0.84,0.546,0.2607,6.0,1.0,0.1196,0.0138,91.0,0.3037,0.0414,0.1564,0.0031,0.0123,0.4831,4,4,0
3374,2037,1346.0,29,13.6529,0.8333,70.2414,21.0,1.381,19.0,3.4545,-0.0371,0.64,0.8477,0.0,9.0,37.0,0.0632,0.1129,31.0,0.5847,0.0,0.0483,0.0394,0.0171,0.3105,3,3,3
3375,908,837.0,24,5.0097,0.725,37.8333,16.0,1.5,20.0,3.4451,0.0125,0.56,0.8327,0.7742,20.0,20.0,0.9128,0.1135,92.0,0.7085,0.0119,0.0824,0.0119,0.0645,0.1207,3,3,0
3376,1475,881.0,56,11.6863,2.1167,26.3393,37.0,1.5135,20.0,2.4881,0.0301,0.6,0.6754,0.193,0.0,38.0,0.0477,0.2054,33.0,0.1067,0.4869,0.0692,0.0306,0.0011,0.3053,14,14,1
3377,446,433.0,41,8.922,2.7167,10.878,25.0,1.64,24.0,2.4827,0.0005,0.44,0.6443,0.5058,1.0,39.0,0.5681,0.6143,32.0,0.1732,0.0023,0.1409,0.2494,0.0046,0.4296,2,2,5
3378,6,6.0,2,0.75,0.75,3.0,2.0,1.0,51.0,3.5901,-0.141,0.08,1.0,0.0,2.0,117.0,0.3333,0.3333,175.0,0.0,0.0,0.0,0.0,0.0,1.0,0,0,0
3379,67,67.0,8,4.275,1.2833,8.375,7.0,1.1429,18.0,2.5738,-0.1737,0.16,0.7313,0.0,4.0,130.0,0.1343,0.2985,15.0,0.0149,0.0,0.0,0.3582,0.0,0.6269,0,0,1
3380,1058,777.0,57,5.7637,0.9667,18.5614,34.0,1.6765,23.0,1.8246,-0.055,0.68,0.4916,0.3616,1.0,23.0,0.0245,0.1364,96.0,0.2497,0.0399,0.3346,0.0,0.0013,0.3745,5,3,0
3381,533,525.0,27,5.8963,1.4833,19.7407,17.0,1.5882,37.0,2.1517,-0.0051,0.56,0.5676,0.4248,11.0,0.0,0.1048,0.0057,14.0,0.44,0.0019,0.1352,0.1619,0.0038,0.2571,3,3,5
3415,414,381.0,19,14.7579,1.7167,21.7895,15.0,1.2667,27.0,2.7203,0.0718,0.44,0.7953,0.0,15.0,20.0,0.0026,0.6588,107.0,0.3438,0.0,0.3123,0.0,0.0,0.3438,3,3,0
3416,1104,1071.0,14,13.2833,0.8667,78.8571,9.0,1.5556,60.0,4.2907,0.2085,0.16,0.9981,0.0009,86.0,0.0,0.2838,0.873,106.0,0.7162,0.0458,0.0887,0.0,0.0205,0.1289,9,6,0
3417,1095,1022.0,36,9.963,1.925,30.4167,24.0,1.5,31.0,1.9951,0.0285,0.44,0.5382,0.0,40.0,0.0,0.2006,0.5049,105.0,0.4041,0.0519,0.0724,0.0039,0.0313,0.4364,5,5,0
3418,382,378.0,30,9.485,1.8583,12.7333,25.0,1.2,16.0,1.579,-0.1033,0.76,0.4153,0.119,2.0,18.0,0.0688,0.2037,19.0,0.2116,0.0,0.0873,0.1667,0.0106,0.5238,1,1,4
3419,1139,742.0,43,8.6337,0.65,26.4884,30.0,1.4333,21.0,1.5753,-0.0679,0.6,0.3881,0.0148,0.0,1.0,0.058,0.4111,96.0,0.4326,0.0,0.2224,0.0027,0.0364,0.3059,3,3,0
3420,1,1.0,1,0.0,0.0,1.0,1.0,1.0,0.0,4.899,0.0385,0.04,1.0,1.0,104.0,67.0,0.0,0.0,175.0,0.0,0.0,0.0,0.0,0.0,1.0,0,0,0
3421,566,439.0,25,7.5427,0.8667,22.64,20.0,1.25,22.0,2.2118,-0.0458,0.4,0.6219,0.0888,0.0,41.0,0.1503,0.3098,24.0,0.1162,0.1185,0.1116,0.1913,0.0091,0.4533,3,3,3
3422,373,346.0,34,4.7613,0.7333,10.9706,23.0,1.4783,14.0,1.7532,-0.0249,0.6,0.4249,0.185,14.0,42.0,0.0,0.422,103.0,0.3035,0.0,0.1908,0.0,0.0173,0.4884,3,3,0
3423,629,612.0,20,6.1267,0.9,31.45,18.0,1.1111,21.0,2.2542,0.013,0.48,0.5964,0.1078,22.0,33.0,0.2026,0.2026,104.0,0.4575,0.0964,0.0948,0.0,0.0016,0.3497,3,2,0
3424,1637,902.0,29,11.9891,1.4,56.4483,21.0,1.381,30.0,2.9765,-0.1006,0.48,0.7594,0.1685,7.0,24.0,0.1064,0.1896,98.0,0.5266,0.0322,0.1086,0.0,0.0211,0.3115,4,4,0
3425,326,313.0,11,7.1697,0.3333,29.6364,9.0,1.2222,31.0,3.7334,0.1355,0.28,0.9744,0.2396,27.0,18.0,0.0,0.1022,103.0,0.7061,0.0,0.2141,0.0,0.0,0.0799,3,3,0
3427,1529,1510.0,75,8.3422,1.2333,20.3867,51.0,1.4706,20.0,2.2229,0.0151,0.84,0.6205,0.0583,0.0,0.0,0.6417,0.3179,14.0,0.3377,0.0298,0.0702,0.0642,0.0245,0.4735,4,4,4
3428,560,458.0,19,16.2316,5.05,29.4737,16.0,1.1875,38.0,2.2278,-0.0938,0.28,0.5852,0.1987,1.0,44.0,0.0502,0.4956,95.0,0.131,0.4148,0.1681,0.0,0.0,0.286,9,8,0
3429,17,17.0,1,3.9667,3.9667,17.0,1.0,1.0,0.0,4.899,-0.0192,0.04,1.0,0.0,77.0,94.0,0.0,0.0,175.0,0.0,0.0,0.0,0.0,0.0,1.0,0,0,0
3430,108,102.0,10,7.2683,1.3833,10.8,9.0,1.1111,23.0,2.3793,0.0862,0.28,0.6275,0.0196,70.0,1.0,0.3431,0.3922,70.0,0.0784,0.0098,0.3235,0.0392,0.0,0.549,1,1,0
3431,3994,3699.0,33,20.702,5.35,121.0303,27.0,1.2222,12.0,3.4823,0.0859,0.56,0.8218,0.0938,41.0,20.0,0.1254,0.0454,96.0,0.449,0.1084,0.0203,0.0,0.0135,0.4088,15,15,0
3432,477,392.0,25,20.972,16.05,19.08,20.0,1.25,33.0,1.935,0.0374,0.56,0.5536,0.5536,10.0,22.0,0.4592,0.2372,95.0,0.2602,0.1352,0.2526,0.0,0.0026,0.3495,5,5,0
3433,527,510.0,34,5.8333,0.6583,15.5,26.0,1.3077,18.0,2.2165,0.054,0.52,0.6412,0.0059,26.0,31.0,0.0,0.0941,128.0,0.4255,0.0627,0.0196,0.0078,0.0196,0.4647,1,1,0
3434,376,320.0,52,6.4827,0.6833,7.2308,32.0,1.625,27.0,1.5037,-0.0102,0.6,0.3875,0.2688,3.0,37.0,0.0656,0.1125,22.0,0.2031,0.025,0.2281,0.0531,0.0,0.4906,4,3,1
3435,531,334.0,9,35.0278,17.2167,59.0,9.0,1.0,34.0,2.9565,-0.12,0.24,0.7814,0.2275,1.0,40.0,0.0,0.018,99.0,0.5389,0.0,0.2186,0.0,0.006,0.2365,3,3,0
3436,408,399.0,29,5.6776,2.0833,14.069,20.0,1.45,31.0,2.1563,-0.0065,0.36,0.5915,0.5038,28.0,40.0,0.4436,0.4286,29.0,0.2832,0.0,0.1028,0.1178,0.0,0.4962,1,1,4
3437,664,579.0,18,9.9981,1.7,36.8889,16.0,1.125,25.0,2.8612,0.0002,0.36,0.8307,0.0035,54.0,14.0,0.4698,0.1468,107.0,0.4784,0.0,0.1157,0.0,0.0276,0.3782,3,3,0
3439,202,199.0,6,10.9528,2.9917,33.6667,4.0,1.5,34.0,4.457,0.1076,0.12,0.995,0.0854,93.0,14.0,0.0,1.0,129.0,0.0,0.0402,0.809,0.0,0.0,0.1508,3,2,0
3440,477,434.0,29,19.4534,1.2,16.4483,16.0,1.8125,42.0,4.0067,0.0478,0.44,0.871,0.0599,20.0,0.0,0.4724,0.8088,38.0,0.2834,0.1267,0.1959,0.0046,0.0207,0.3687,5,4,0
3441,500,483.0,30,9.3856,2.7333,16.6667,26.0,1.1538,27.0,1.6687,-0.0981,0.64,0.4741,0.1656,1.0,1.0,0.441,0.5259,12.0,0.3644,0.0,0.1056,0.1801,0.0518,0.2981,1,1,3
3442,1202,697.0,81,8.9274,1.65,14.8395,53.0,1.5283,16.0,1.2263,0.0258,0.84,0.3458,0.2037,0.0,0.0,0.2654,0.5308,24.0,0.1435,0.1506,0.099,0.2066,0.0172,0.3831,5,5,5
3443,312,294.0,9,11.3926,2.6,34.6667,7.0,1.2857,58.0,4.4203,0.0912,0.2,0.949,0.0,20.0,43.0,0.3537,0.3537,128.0,0.2755,0.0,0.3163,0.0,0.0,0.4082,3,3,0
3444,1188,784.0,23,17.9891,0.7833,51.6522,15.0,1.5333,65.0,3.8038,0.0396,0.36,0.9579,0.7628,16.0,41.0,0.0612,0.023,103.0,0.4949,0.0319,0.0918,0.0102,0.014,0.3571,4,4,0
3445,1289,830.0,52,10.4897,1.025,24.7885,37.0,1.4054,18.0,2.5883,-0.0391,0.64,0.6422,0.1711,11.0,34.0,0.2566,0.2386,13.0,0.2639,0.0012,0.1265,0.1735,0.0133,0.4217,3,3,7
3447,1228,853.0,106,9.3525,2.1583,11.5849,52.0,2.0385,18.0,1.2976,0.0055,0.76,0.3435,0.1208,12.0,19.0,0.2052,0.1887,15.0,0.17,0.0868,0.095,0.0926,0.0082,0.5475,5,5,1
3448,241,241.0,15,9.7533,3.3333,16.0667,9.0,1.6667,34.0,4.0671,-0.0928,0.28,0.888,0.0124,8.0,73.0,0.029,0.0747,43.0,0.5851,0.0,0.0,0.0083,0.0124,0.3942,0,0,0
3449,996,977.0,23,17.3094,0.9,43.3043,17.0,1.3529,37.0,2.8487,0.055,0.44,0.8352,0.1228,0.0,33.0,0.0113,0.0072,68.0,0.5097,0.0,0.0727,0.002,0.0358,0.3797,3,3,0
3450,281,265.0,32,5.3385,0.8083,8.7812,29.0,1.1034,11.0,1.8283,-0.0905,0.68,0.517,0.0717,13.0,40.0,0.634,0.366,14.0,0.0981,0.0,0.117,0.4151,0.0,0.3698,1,1,8
3451,1964,991.0,122,5.187,0.55,16.0984,66.0,1.8485,10.0,0.9572,-0.0032,0.92,0.2462,0.2462,3.0,0.0,0.1806,0.2482,103.0,0.1776,0.1826,0.0949,0.0,0.0,0.5449,7,7,0
e id '2,26,0.0,3,39.7556,40.5667,8.6667,0.0,0.0,0.0,0.0,0.0,0.0,0.0,0.0,175.0,175.0,0.0,0.0,175.0,0.0,0.0,0.0,0.0,0.0,0.0,0,0,0
e id '3,3308,0.0,338,27.208,15.5333,9.787,0.0,0.0,0.0,0.0,0.0,0.0,0.0,0.0,175.0,175.0,0.0,0.0,175.0,0.0,0.0,0.0,0.0,0.0,0.0,0,0,0
