user,n_events,n_interactions,n_sessions,mean_session_min,median_session_min,events_per_session,active_days,sessions_per_active_day,longest_inactive_streak,weekly_cv,trend_slope,active_week_ratio,peak2_share,rush_share,first_access_day,days_since_last_active,night_share,weekend_share,first_assessment_day,share_learning_content,share_practice_quiz,share_graded_quiz,share_assignment,share_social,share_navigation,quiz_attempts_started,quiz_attempts_submitted,assignments_submitted,cluster
1091,241,215.0,16,6.621875,0.5916666666666667,15.0625,13.0,1.2307692307692308,50.0,2.7483216767583754,-0.01842576028622541,0.36,0.8093023255813954,0.0,21.0,1.0,0.0,0.8744186046511628,107.0,0.413953488372093,0.0,0.3488372093023256,0.0,0.04186046511627907,0.19534883720930232,3,3,0,3.0
1188,1,1.0,1,0.0,0.0,1.0,1.0,1.0,0.0,4.898979485566357,-0.07692307692307693,0.04,1.0,0.0,61.0,110.0,0.0,0.0,175.0,0.0,0.0,0.0,0.0,0.0,1.0,0,0,0,
1214,52,52.0,15,3.3233333333333333,1.4333333333333333,3.466666666666667,8.0,1.875,12.0,2.622445220573967,0.00443786982248521,0.2,0.7692307692307693,0.07692307692307693,77.0,53.0,0.0,0.25,175.0,0.4230769230769231,0.0,0.0,0.0,0.0,0.5769230769230769,0,0,0,3.0
2472,50,50.0,11,17.018181818181816,15.866666666666667,4.545454545454546,5.0,2.2,25.0,3.6851051545376556,-0.014615384615384615,0.12,0.9,0.0,54.0,63.0,0.36,0.28,175.0,0.28,0.0,0.0,0.0,0.0,0.72,0,0,0,3.0
2502,905,893.0,29,18.22298850574713,13.983333333333333,31.20689655172414,22.0,1.3181818181818181,26.0,3.1388112397316514,-0.050521147385649064,0.48,0.7513997760358343,0.11534154535274356,28.0,9.0,0.42777155655095184,0.18477043673012317,29.0,0.5431131019036954,0.0335946248600224,0.04927211646136618,0.11982082866741321,0.0033594624860022394,0.25083986562150057,3,2,5,1.0
3196,85,74.0,2,13.458333333333334,13.458333333333334,42.5,1.0,2.0,0.0,4.898979485566357,0.11538461538461538,0.04,1.0,0.0,128.0,43.0,0.0,1.0,128.0,0.0,0.0,0.9459459459459459,0.0,0.0,0.05405405405405406,2,2,0,3.0
3210,486,479.0,65,8.68769230769231,0.38333333333333336,7.476923076923077,38.0,1.7105263157894737,10.0,1.8463119019210197,0.058655853541031,0.6,0.5386221294363257,0.0709812108559499,50.0,17.0,0.1127348643006263,0.29227557411273486,117.0,0.3862212943632568,0.0020876826722338203,0.13778705636743216,0.0041753653444676405,0.010438413361169102,0.4592901878914405,2,2,0,2.0
3242,278,275.0,8,11.764583333333333,1.575,34.75,7.0,1.1428571428571428,52.0,2.797992196304077,0.09314685314685316,0.28,0.8145454545454546,0.007272727272727273,50.0,30.0,0.13090909090909092,0.8218181818181818,114.0,0.2509090909090909,0.014545454545454545,0.3527272727272727,0.014545454545454545,0.0,0.36727272727272725,4,3,0,3.0
3251,416,346.0,26,8.998076923076924,1.0666666666666669,16.0,21.0,1.2380952380952381,19.0,1.7230718435111845,-0.049577590040017785,0.56,0.43641618497109824,0.23121387283236994,0.0,40.0,0.41329479768786126,0.4479768786127168,96.0,0.30346820809248554,0.0,0.19653179190751446,0.0,0.005780346820809248,0.49421965317919075,3,3,0,2.0
3252,876,327.0,27,13.585185185185185,1.1,32.44444444444444,18.0,1.5,47.0,2.8658138331540117,-0.038932015996236184,0.4,0.7920489296636085,0.24464831804281345,1.0,27.0,0.1834862385321101,0.3149847094801223,101.0,0.308868501529052,0.01529051987767584,0.20795107033639143,0.0,0.0,0.46788990825688076,4,3,0,1.0
3253,1081,1053.0,83,13.549598393574296,2.4,13.024096385542169,45.0,1.8444444444444446,16.0,1.9655747639853896,0.044159544159544165,0.8,0.533713200379867,0.4036087369420703,3.0,0.0,0.17568850902184235,0.10731244064577398,13.0,0.3010446343779677,0.19658119658119658,0.05887939221272555,0.11490978157644824,0.005698005698005698,0.32288698955365625,14,2,4,2.0
3254,983,801.0,25,10.427333333333333,3.8,39.32,19.0,1.3157894736842106,24.0,2.183635875208182,-0.08182080092192451,0.44,0.5593008739076155,0.12359550561797752,8.0,41.0,0.09238451935081149,0.2721598002496879,9.0,0.41448189762796506,0.0024968789013732834,0.09737827715355805,0.1198501872659176,0.0299625468164794,0.3358302122347066,3,3,4,1.0
3255,574,130.0,16,10.887500000000001,0.9750000000000001,35.875,13.0,1.2307692307692308,62.0,3.178608232522213,0.03949704142011834,0.44,0.7384615384615385,0.023076923076923078,22.0,0.0,0.0,0.2076923076923077,106.0,0.046153846153846156,0.0,0.5846153846153846,0.0,0.0,0.36923076923076925,3,3,0,3.0
3256,106,97.0,5,15.343333333333334,3.1666666666666665,21.2,4.0,1.25,70.0,4.111657641117977,0.024187153053132432,0.12,0.9690721649484536,0.0,15.0,63.0,0.020618556701030927,0.9690721649484536,37.0,0.0,0.0,0.7422680412371134,0.1134020618556701,0.0,0.14432989690721648,3,3,1,3.0
3257,207,155.0,5,29.24,17.65,41.4,6.0,0.8333333333333334,50.0,3.319917504585447,-0.037344913151364754,0.2,0.896774193548387,0.6387096774193548,5.0,63.0,0.05806451612903226,0.2709677419354839,6.0,0.13548387096774195,0.0,0.45806451612903226,0.012903225806451613,0.0,0.3935483870967742,3,3,0,3.0
3258,669,650.0,31,7.681720430107528,1.7166666666666666,21.580645161290324,18.0,1.7222222222222223,38.0,3.6385509828004157,-0.052455621301775154,0.52,0.8630769230769231,0.12,0.0,0.0,0.4723076923076923,0.04923076923076923,13.0,0.66,0.0015384615384615385,0.1076923076923077,0.04923076923076923,0.04923076923076923,0.13230769230769232,3,2,2,1.0
3259,801,302.0,19,9.803508771929824,3.316666666666667,42.1578947368421,13.0,1.4615384615384615,32.0,2.472372674008207,-0.026299032093734083,0.36,0.7251655629139073,0.006622516556291391,0.0,39.0,0.013245033112582781,0.009933774834437087,105.0,0.24503311258278146,0.0,0.3509933774834437,0.0,0.0,0.40397350993377484,3,3,0,3.0
3260,478,154.0,22,9.243939393939394,0.9333333333333333,21.727272727272727,16.0,1.375,29.0,2.814648572128366,0.06668331668331669,0.48,0.8116883116883117,0.5194805194805194,28.0,7.0,0.0,0.3246753246753247,96.0,0.2662337662337662,0.0,0.44805194805194803,0.0,0.0,0.2857142857142857,3,3,0,3.0
3261,1445,812.0,84,8.706349206349206,0.44166666666666665,17.202380952380953,51.0,1.6470588235294117,25.0,1.5912483372619421,0.02375426297840091,0.72,0.4433497536945813,0.30049261083743845,2.0,0.0,0.11083743842364532,0.27216748768472904,14.0,0.2647783251231527,0.13669950738916256,0.09729064039408868,0.19458128078817735,0.012315270935960592,0.29433497536945813,7,7,6,2.0
3262,750,544.0,30,14.650555555555554,11.808333333333334,25.0,19.0,1.5789473684210527,20.0,2.0863071696106634,-0.09647200226244343,0.44,0.5386029411764706,0.10477941176470588,10.0,43.0,0.29963235294117646,0.8308823529411765,14.0,0.47794117647058826,0.0,0.1323529411764706,0.19669117647058823,0.0,0.19301470588235295,3,3,5,1.0
3263,1213,647.0,41,17.191056910569106,2.216666666666667,29.585365853658537,33.0,1.2424242424242424,30.0,1.5240115862727424,0.00927357032457496,0.72,0.42967542503863987,0.01854714064914992,1.0,6.0,0.17156105100463678,0.1205564142194745,14.0,0.18547140649149924,0.25193199381761977,0.10819165378670788,0.03709428129829984,0.0015455950540958269,0.41576506955177744,5,4,1,2.0
3264,678,673.0,48,9.491319444444445,1.5166666666666666,14.125,23.0,2.0869565217391304,41.0,2.011107765515211,-0.13027203108926733,0.36,0.5289747399702823,0.05943536404160475,2.0,68.0,0.007429420505200594,0.18573551263001487,103.0,0.36701337295690933,0.0014858841010401188,0.04457652303120357,0.0,0.01337295690936107,0.5735512630014858,1,1,0,1.0
3265,865,640.0,21,21.963492063492065,2.033333333333333,41.19047619047619,13.0,1.6153846153846154,27.0,2.547450088446288,-0.05171274038461538,0.32,0.7171875,0.2734375,13.0,42.0,0.003125,0.7171875,65.0,0.55625,0.0,0.1234375,0.003125,0.0015625,0.315625,3,3,0,1.0
3266,896,777.0,27,18.68024691358025,11.666666666666666,33.18518518518518,23.0,1.173913043478261,27.0,2.2876772792186917,-0.06808731808731809,0.44,0.6576576576576577,0.15572715572715573,0.0,40.0,0.4543114543114543,0.37966537966537967,15.0,0.22651222651222652,0.2625482625482625,0.09395109395109395,0.0489060489060489,0.006435006435006435,0.36164736164736166,9,9,1,2.0
3267,81,81.0,8,4.352083333333334,1.7916666666666665,10.125,7.0,1.1428571428571428,35.0,3.2643525485687594,-0.1158594491927825,0.2,0.9012345679012346,0.0,1.0,93.0,0.2222222222222222,0.24691358024691357,175.0,0.4444444444444444,0.0,0.0,0.0,0.012345679012345678,0.5432098765432098,0,0,0,3.0
3268,1058,593.0,25,17.540666666666667,14.583333333333334,42.32,21.0,1.1904761904761905,20.0,2.4092703351427964,-0.05655727072253211,0.56,0.6104553119730185,0.00505902192242833,19.0,20.0,0.1045531197301855,0.5042158516020236,19.0,0.3440134907251265,0.0,0.12310286677908938,0.04047217537942664,0.006745362563237774,0.4856661045531197,3,3,1,1.0
3269,498,417.0,37,7.799549549549549,1.6333333333333333,13.45945945945946,25.0,1.48,19.0,1.8239392598985005,0.01484965873455082,0.72,0.5467625899280576,0.019184652278177457,14.0,1.0,0.41247002398081534,0.7553956834532374,14.0,0.22062350119904076,0.007194244604316547,0.18465227817745802,0.2158273381294964,0.0,0.37170263788968827,4,3,4,2.0
3270,196,136.0,22,2.9348484848484846,0.29166666666666663,8.909090909090908,20.0,1.1,13.0,2.923698065912901,-0.008766968325791855,0.6,0.7279411764705882,0.03676470588235294,13.0,38.0,0.0,0.6470588235294118,107.0,0.014705882352941176,0.0,0.5220588235294118,0.0,0.0,0.4632352941176471,3,3,0,3.0
3271,943,744.0,40,9.085833333333333,0.7333333333333334,23.575,30.0,1.3333333333333333,38.0,2.2343844433996725,-0.10269334160463194,0.56,0.6438172043010753,0.0,0.0,18.0,0.5873655913978495,0.16129032258064516,14.0,0.30510752688172044,0.0013440860215053765,0.12096774193548387,0.17473118279569894,0.013440860215053764,0.3844086021505376,3,3,6,2.0
3272,984,659.0,44,39.3125,5.441666666666666,22.363636363636363,25.0,1.76,30.0,2.1154394589615175,-0.030494922376561217,0.44,0.6115326251896813,0.212443095599393,0.0,38.0,0.051593323216995446,0.15477996965098634,98.0,0.5311077389984825,0.0,0.09863429438543247,0.0,0.0030349013657056147,0.36722306525037934,3,3,0,1.0
3273,803,798.0,39,21.51410256410256,12.433333333333334,20.58974358974359,30.0,1.3,29.0,1.468063163560047,0.0049402352033930995,0.68,0.38471177944862156,0.06892230576441102,1.0,20.0,0.5726817042606517,0.19799498746867167,14.0,0.6829573934837093,0.0,0.03759398496240601,0.14536340852130325,0.02631578947368421,0.10776942355889724,1,1,4,1.0
3274,760,660.0,64,8.025260416666667,1.2916666666666667,11.875,37.0,1.7297297297297298,17.0,1.2487367354023964,0.04935897435897436,0.8,0.3151515151515151,0.1712121212121212,14.0,0.0,0.06515151515151515,0.06666666666666667,14.0,0.30757575757575756,0.23939393939393938,0.08484848484848485,0.12272727272727273,0.0030303030303030303,0.24242424242424243,5,4,5,2.0
3275,174,165.0,19,8.683333333333334,2.45,9.157894736842104,16.0,1.1875,23.0,2.1809762685389793,0.0006993006993006984,0.44,0.6181818181818182,0.6181818181818182,13.0,25.0,0.11515151515151516,0.2787878787878788,31.0,0.1393939393939394,0.006060606060606061,0.18181818181818182,0.4909090909090909,0.0,0.18181818181818182,1,1,4,3.0
3276,1542,1240.0,90,20.06740740740741,2.5666666666666664,17.133333333333333,43.0,2.0930232558139537,10.0,1.7319099938642986,-0.039174937965260545,0.72,0.4403225806451613,0.21048387096774193,2.0,28.0,0.5096774193548387,0.14919354838709678,106.0,0.6435483870967742,0.0,0.06048387096774194,0.0,0.04032258064516129,0.25564516129032255,3,3,0,2.0
3277,437,354.0,38,12.680263157894737,1.8,11.5,24.0,1.5833333333333333,32.0,1.8543944475963916,-0.040091264667535854,0.52,0.5338983050847458,0.2994350282485876,4.0,36.0,0.12429378531073447,0.1751412429378531,95.0,0.3785310734463277,0.002824858757062147,0.20903954802259886,0.0,0.002824858757062147,0.4067796610169492,3,3,0,2.0
3278,674,643.0,78,11.479700854700853,0.8166666666666667,8.64102564102564,50.0,1.56,22.0,1.4102127273531355,-0.09740997727000839,0.72,0.3654743390357698,0.03110419906687403,4.0,8.0,0.1104199066874028,0.13530326594090203,21.0,0.4447900466562986,0.0,0.1119751166407465,0.18506998444790046,0.015552099533437015,0.24261275272161742,4,3,5,2.0
3279,353,122.0,20,3.21,0.3666666666666667,17.65,17.0,1.1764705882352942,16.0,2.2397606602276654,0.02191046658259773,0.48,0.6639344262295082,0.38524590163934425,32.0,41.0,0.0,0.36885245901639346,100.0,0.01639344262295082,0.0,0.5901639344262295,0.0,0.00819672131147541,0.38524590163934425,3,3,0,3.0
3280,16,16.0,1,10.166666666666666,10.166666666666666,16.0,1.0,1.0,0.0,4.898979485566357,-0.21153846153846148,0.04,1.0,0.0,12.0,159.0,0.0,0.0,175.0,0.3125,0.0,0.0,0.0,0.0,0.6875,0,0,0,
3281,785,754.0,14,26.491666666666667,3.2666666666666666,56.07142857142857,11.0,1.2727272727272727,66.0,4.085146310558544,-0.009921444603142215,0.32,0.9708222811671088,0.006631299734748011,14.0,32.0,0.5742705570291777,0.002652519893899204,95.0,0.4336870026525199,0.0,0.129973474801061,0.0,0.03580901856763926,0.4005305039787798,3,3,0,1.0
3282,2062,1371.0,54,28.903086419753087,14.966666666666667,38.18518518518518,22.0,2.4545454545454546,26.0,1.8970618358308076,0.08919654379172978,0.52,0.5317286652078774,0.087527352297593,3.0,0.0,0.020423048869438368,0.512764405543399,104.0,0.5273522975929978,0.10649161196207148,0.06637490882567469,0.0,0.0,0.29978118161925604,8,8,0,1.0
3283,1125,960.0,79,10.401054852320675,3.033333333333333,14.240506329113924,48.0,1.6458333333333333,13.0,1.3679982715023193,0.011578525641025642,0.76,0.35,0.278125,3.0,22.0,0.515625,0.28125,68.0,0.203125,0.140625,0.11354166666666667,0.00625,0.004166666666666667,0.5322916666666667,9,8,0,2.0
3284,400,379.0,25,8.998666666666667,1.35,16.0,23.0,1.0869565217391304,23.0,1.931866950104969,-0.0661152831337528,0.64,0.5382585751978892,0.08443271767810026,0.0,4.0,0.49076517150395776,0.27440633245382584,14.0,0.2638522427440633,0.0,0.1820580474934037,0.005277044854881266,0.002638522427440633,0.5461741424802111,3,3,0,2.0
3285,1024,950.0,53,6.240880503144654,0.5833333333333334,19.32075471698113,39.0,1.358974358974359,16.0,1.7530503688051486,-0.043421052631578944,0.8,0.49473684210526314,0.09473684210526316,20.0,3.0,0.002105263157894737,0.09052631578947369,95.0,0.6894736842105263,0.06315789473684211,0.07578947368421053,0.0,0.016842105263157894,0.15473684210526314,6,5,0,2.0
3286,3,3.0,1,1.6833333333333333,1.6833333333333333,3.0,1.0,1.0,0.0,4.898979485566357,0.019230769230769232,0.04,1.0,1.0,91.0,80.0,0.0,0.0,175.0,0.0,0.0,0.0,0.0,0.0,1.0,0,0,0,
3287,497,488.0,29,9.555747126436781,2.8,17.137931034482758,21.0,1.380952380952381,32.0,2.6670898714057865,0.004137767969735183,0.44,0.680327868852459,0.1598360655737705,0.0,0.0,0.3975409836065574,0.2827868852459016,36.0,0.4323770491803279,0.0,0.12090163934426229,0.18032786885245902,0.0,0.26639344262295084,1,1,4,1.0
3288,1105,853.0,66,8.633333333333333,2.1166666666666667,16.742424242424242,50.0,1.32,28.0,1.712455425304702,-0.03670303904770494,0.8,0.4384525205158265,0.3505275498241501,1.0,1.0,0.035169988276670575,0.19343493552168817,8.0,0.15826494724501758,0.246189917936694,0.0914419695193435,0.20984759671746775,0.0011723329425556857,0.29308323563892147,7,7,6,2.0
3289,803,340.0,22,19.895454545454545,2.9416666666666664,36.5,13.0,1.6923076923076923,98.0,2.3948474100967387,0.11397058823529413,0.32,0.6529411764705882,0.023529411764705882,0.0,1.0,0.047058823529411764,0.19705882352941176,101.0,0.20294117647058824,0.011764705882352941,0.23823529411764705,0.0058823529411764705,0.04411764705882353,0.4970588235294118,3,3,0,1.0
3290,867,821.0,36,8.550462962962962,1.3333333333333333,24.083333333333332,29.0,1.2413793103448276,22.0,2.2740870179196464,-0.10039351634966737,0.64,0.6552984165651644,0.11084043848964677,2.0,21.0,0.33008526187576126,0.09866017052375152,14.0,0.561510353227771,0.0,0.08891595615103533,0.1023142509135201,0.029232643118148598,0.21802679658952498,3,3,4,2.0
3291,137,114.0,8,14.029166666666667,10.35,17.125,4.0,2.0,61.0,4.022233530403154,0.07607962213225371,0.12,0.956140350877193,0.0,56.0,1.0,0.08771929824561403,0.956140350877193,107.0,0.043859649122807015,0.0,0.6228070175438597,0.0,0.0,0.3333333333333333,3,3,0,3.0
3292,832,830.0,31,23.1247311827957,1.3833333333333333,26.838709677419356,21.0,1.4761904761904763,31.0,2.556219378687129,-0.028707136237256715,0.6,0.7156626506024096,0.060240963855421686,5.0,0.0,0.23132530120481928,0.6602409638554216,37.0,0.6590361445783133,0.0,0.03493975903614458,0.10361445783132531,0.01927710843373494,0.18313253012048192,1,1,4,1.0
3293,1328,234.0,20,13.352500000000001,0.6166666666666667,66.4,18.0,1.1111111111111112,13.0,2.2287625647310825,0.002876397107166343,0.56,0.6538461538461539,0.2863247863247863,22.0,39.0,0.0,0.38461538461538464,104.0,0.18803418803418803,0.0,0.29914529914529914,0.0,0.017094017094017096,0.49572649572649574,3,3,0,3.0
3294,351,307.0,8,33.77291666666667,21.375,43.875,6.0,1.3333333333333333,26.0,2.9183122853215746,0.007454272112252566,0.24,0.7752442996742671,0.0,37.0,43.0,0.11074918566775244,0.8110749185667753,86.0,0.3811074918566775,0.0,0.22149837133550487,0.006514657980456026,0.0,0.39087947882736157,3,3,0,1.0
3295,611,306.0,27,7.798148148148147,1.55,22.62962962962963,22.0,1.2272727272727273,24.0,1.9365716382154887,0.0028908999497234892,0.56,0.5620915032679739,0.3006535947712418,4.0,25.0,0.0,0.24509803921568626,99.0,0.1830065359477124,0.17647058823529413,0.23529411764705882,0.0,0.0,0.40522875816993464,5,5,0,2.0
3296,1024,917.0,35,15.124761904761906,4.366666666666666,29.257142857142856,23.0,1.5217391304347827,36.0,1.7355211588779595,0.022942706148813014,0.52,0.4198473282442748,0.05561613958560523,22.0,3.0,0.008724100327153763,0.6379498364231189,107.0,0.4416575790621592,0.0,0.09923664122137404,0.0,0.0021810250817884407,0.4569247546346783,3,3,0,1.0
3297,980,972.0,42,14.044444444444444,6.65,23.333333333333332,28.0,1.5,14.0,1.7583613813471803,-0.022930515986071535,0.64,0.4794238683127572,0.11934156378600823,16.0,45.0,0.1337448559670782,0.4166666666666667,24.0,0.2623456790123457,0.030864197530864196,0.08024691358024691,0.10596707818930041,0.00823045267489712,0.5123456790123457,2,2,4,2.0
3298,1674,1262.0,107,17.061214953271026,1.4166666666666667,15.644859813084112,57.0,1.8771929824561404,7.0,1.5062359753620786,-0.033676703645007924,0.88,0.3724247226624406,0.1774960380348653,8.0,17.0,0.6885895404120443,0.39619651347068147,8.0,0.2820919175911252,0.18700475435816163,0.056259904912836764,0.09270998415213946,0.03169572107765452,0.3502377179080824,11,10,8,2.0
3299,676,549.0,69,10.503381642512078,1.3666666666666667,9.797101449275363,45.0,1.5333333333333334,34.0,1.395582722686903,-0.0016463500070057436,0.76,0.3551912568306011,0.3551912568306011,1.0,1.0,0.37522768670309653,0.47176684881602915,100.0,0.20765027322404372,0.15482695810564662,0.14754098360655737,0.0,0.0018214936247723133,0.48816029143898,7,6,0,2.0
3300,1316,1299.0,78,18.628418803418803,1.3416666666666666,16.871794871794872,49.0,1.5918367346938775,34.0,2.0534331061134496,0.13699887487416357,0.76,0.5288683602771362,0.0,7.0,1.0,0.06235565819861432,0.5827559661277906,18.0,0.3371824480369515,0.06081601231716705,0.09545804464973057,0.020015396458814474,0.0,0.4865280985373364,3,2,1,2.0
3301,369,312.0,22,9.732575757575757,0.9583333333333333,16.772727272727273,16.0,1.375,46.0,2.515272221018058,0.01534763313609467,0.44,0.7083333333333334,0.7083333333333334,19.0,0.0,0.060897435897435896,0.1346153846153846,41.0,0.4230769230769231,0.0,0.2403846153846154,0.038461538461538464,0.01282051282051282,0.28525641025641024,3,3,0,3.0
3302,2014,831.0,67,12.324378109452736,1.4666666666666666,30.059701492537314,52.0,1.2884615384615385,14.0,1.3252447028914385,0.012681662501157083,0.84,0.35980746089049337,0.2767749699157641,7.0,1.0,0.16365824308062576,0.4693140794223827,14.0,0.1793020457280385,0.08784596871239471,0.13237063778580024,0.13116726835138387,0.0024067388688327317,0.46690734055354993,4,4,4,2.0
3303,146,146.0,13,5.708974358974359,0.6,11.23076923076923,12.0,1.0833333333333333,35.0,3.9728034904401697,0.09681243414120126,0.36,0.8698630136986302,0.00684931506849315,16.0,0.0,0.0,0.7602739726027398,175.0,0.4794520547945205,0.0,0.0,0.0,0.0,0.5205479452054794,0,0,0,3.0
3304,1465,1319.0,41,10.27560975609756,2.05,35.73170731707317,31.0,1.3225806451612903,21.0,2.579996533380549,-0.05188954336035458,0.6,0.6846095526914329,0.003032600454890068,0.0,39.0,0.07808946171341925,0.18726307808946172,13.0,0.6823351023502654,0.0,0.050037907505686124,0.09097801364670205,0.032600454890068235,0.14404852160727824,3,3,4,1.0
3305,1292,860.0,62,10.998924731182795,1.6833333333333333,20.838709677419356,41.0,1.5121951219512195,17.0,1.6360056027017116,-0.018291592128801434,0.68,0.47325581395348837,0.12441860465116279,13.0,23.0,0.2441860465116279,0.3674418604651163,13.0,0.1697674418604651,0.2593023255813954,0.08139534883720931,0.1186046511627907,0.01744186046511628,0.35348837209302325,5,5,5,2.0
3306,829,641.0,45,24.73740740740741,4.683333333333334,18.42222222222222,26.0,1.7307692307692308,19.0,1.8120875271472472,0.030571222848913962,0.64,0.49453978159126366,0.13416536661466458,1.0,0.0,0.0483619344773791,0.8611544461778471,24.0,0.5226209048361935,0.0202808112324493,0.12324492979719189,0.0031201248049922,0.0031201248049922,0.32761310452418096,4,3,0,1.0
3307,101,96.0,7,13.747619047619045,2.966666666666667,14.428571428571429,7.0,1.0,46.0,2.9834977259176116,-0.026041666666666668,0.2,0.84375,0.53125,31.0,40.0,0.010416666666666666,0.0625,102.0,0.19791666666666666,0.010416666666666666,0.3125,0.0,0.0,0.4791666666666667,1,1,0,3.0
3308,1651,1544.0,76,12.492543859649123,1.95,21.723684210526315,43.0,1.7674418604651163,17.0,1.7812722467199347,0.07857961339178957,0.76,0.5181347150259067,0.11463730569948187,2.0,16.0,0.12759067357512954,0.23510362694300518,14.0,0.38406735751295334,0.2823834196891192,0.10427461139896373,0.07253886010362694,0.02461139896373057,0.13212435233160622,8,8,5,2.0
3309,812,656.0,41,19.18943089430894,2.6666666666666665,19.804878048780488,23.0,1.7826086956521738,40.0,3.588640630511139,0.052825984990619135,0.52,0.8460365853658537,0.8064024390243902,22.0,0.0,0.1798780487804878,0.5274390243902439,99.0,0.3125,0.3445121951219512,0.11432926829268293,0.009146341463414634,0.001524390243902439,0.21798780487804878,11,11,0,1.0
3310,781,753.0,31,28.751612903225805,1.8166666666666667,25.193548387096776,23.0,1.3478260869565217,37.0,2.0890774660734457,0.03018694452957401,0.6,0.5617529880478087,0.12749003984063745,2.0,0.0,0.28286852589641437,0.4860557768924303,38.0,0.6586985391766268,0.0013280212483399733,0.10756972111553785,0.03718459495351926,0.0,0.1952191235059761,3,3,1,1.0
3311,830,509.0,37,12.77927927927928,0.7166666666666667,22.43243243243243,27.0,1.3703703703703705,18.0,2.206824728389274,-0.045677799607072696,0.64,0.5893909626719057,0.22396856581532418,1.0,32.0,0.009823182711198428,0.5461689587426326,95.0,0.3516699410609037,0.0,0.18664047151277013,0.0,0.023575638506876228,0.4381139489194499,3,3,0,2.0
3312,316,294.0,25,6.131333333333333,2.35,12.64,23.0,1.0869565217391304,20.0,1.5548496709296857,-0.018445839874411302,0.52,0.3945578231292517,0.35714285714285715,13.0,21.0,0.3129251700680272,0.48639455782312924,23.0,0.14965986394557823,0.0,0.24829931972789115,0.282312925170068,0.003401360544217687,0.3163265306122449,3,3,4,3.0
3313,1506,1483.0,19,15.300877192982458,2.35,79.26315789473684,15.0,1.2666666666666666,21.0,2.9479511286866225,-0.07237149229731832,0.48,0.7161159811193527,0.049898853674983146,13.0,47.0,0.06271072151045179,0.17801753202966958,24.0,0.614969656102495,0.0,0.044504383007417395,0.049224544841537425,0.02899527983816588,0.26230613621038434,3,3,3,1.0
3314,1002,416.0,44,6.680303030303031,0.7333333333333333,22.772727272727273,33.0,1.3333333333333333,18.0,1.9987283309215393,-0.008783284023668639,0.72,0.59375,0.004807692307692308,2.0,0.0,0.3629807692307692,0.3581730769230769,14.0,0.33653846153846156,0.002403846153846154,0.1778846153846154,0.019230769230769232,0.01201923076923077,0.4519230769230769,3,3,0,2.0
3315,10,10.0,4,0.6333333333333333,0.6416666666666666,2.5,3.0,1.3333333333333333,17.0,2.9154759474226504,-0.1173076923076923,0.12,0.8,0.0,22.0,115.0,0.0,0.2,38.0,0.0,0.0,0.0,0.2,0.0,0.8,0,0,0,
3316,11,11.0,4,2.216666666666667,1.2083333333333333,2.75,4.0,1.0,19.0,2.807899129360091,-0.10664335664335664,0.16,0.8181818181818182,0.0,27.0,107.0,0.0,0.0,175.0,0.0,0.0,0.0,0.0,0.0,1.0,0,0,0,
3317,1616,688.0,59,9.346327683615819,0.75,27.389830508474578,34.0,1.7352941176470589,23.0,1.4257572613362732,0.06400939177101969,0.68,0.3561046511627907,0.1380813953488372,3.0,0.0,0.14534883720930233,0.27761627906976744,105.0,0.20784883720930233,0.0,0.10465116279069768,0.0,0.005813953488372093,0.6816860465116279,3,3,0,2.0
3318,1796,693.0,51,15.466013071895425,2.95,35.21568627450981,38.0,1.3421052631578947,16.0,1.3951861512933847,-0.020618270618270623,0.68,0.3665223665223665,0.19336219336219337,11.0,18.0,0.6392496392496393,0.14574314574314573,13.0,0.15151515151515152,0.30735930735930733,0.10822510822510822,0.10822510822510822,0.002886002886002886,0.3217893217893218,9,9,3,2.0
3319,494,446.0,23,9.506521739130434,1.4166666666666667,21.47826086956522,18.0,1.2777777777777777,16.0,2.1447849672759087,-0.021472921697136948,0.48,0.5964125560538116,0.21524663677130046,39.0,22.0,0.03587443946188341,0.17488789237668162,51.0,0.5201793721973094,0.02242152466367713,0.15695067264573992,0.14349775784753363,0.026905829596412557,0.13004484304932734,5,3,3,1.0
3320,2383,2313.0,124,7.904569892473119,0.7083333333333333,19.217741935483872,78.0,1.5897435897435896,16.0,1.6499555583340184,-0.10120057201769264,0.92,0.48119325551232167,0.07133592736705577,2.0,6.0,0.0034587116299178555,0.16342412451361868,13.0,0.4133160397751837,0.13186338089061825,0.014267185473411154,0.07652399481193256,0.015131863380890618,0.34889753566796367,11,7,6,2.0
3321,743,669.0,59,14.563841807909604,1.6833333333333333,12.59322033898305,37.0,1.5945945945945945,43.0,1.4732486823628361,-0.028170633551799475,0.6,0.3991031390134529,0.2227204783258595,0.0,0.0,0.18535127055306427,0.593423019431988,14.0,0.20926756352765322,0.09267563527653214,0.10762331838565023,0.17040358744394618,0.01943198804185351,0.40059790732436473,4,4,5,2.0
3322,929,757.0,13,22.987179487179485,1.2166666666666666,71.46153846153847,10.0,1.3,40.0,4.081993304187557,-0.0011431765064525963,0.32,0.9313077939233818,0.10303830911492734,15.0,42.0,0.42668428005284015,0.05416116248348745,97.0,0.8388375165125496,0.005284015852047556,0.09114927344782034,0.0,0.002642007926023778,0.062087186261558784,3,3,0,1.0
3323,3059,916.0,26,16.93525641025641,1.3833333333333333,117.65384615384616,15.0,1.7333333333333334,33.0,3.8854038471726993,0.005290560967416859,0.4,0.8831877729257642,0.0,18.0,19.0,0.13864628820960698,0.02074235807860262,105.0,0.7652838427947598,0.013100436681222707,0.07641921397379912,0.0,0.06877729257641921,0.07641921397379912,4,3,0,1.0
3324,492,461.0,44,6.010984848484849,1.4333333333333333,11.181818181818182,32.0,1.375,32.0,1.5319418146527117,-0.0806357416986484,0.68,0.42516268980477223,0.14967462039045554,12.0,5.0,0.0368763557483731,0.07158351409978309,12.0,0.2472885032537961,0.07809110629067245,0.1193058568329718,0.16702819956616052,0.0,0.3882863340563991,2,2,4,2.0
3325,672,296.0,6,38.93333333333333,7.408333333333333,112.0,5.0,1.2,18.0,4.7790431159862745,0.05639293139293138,0.16,0.9932432432432432,0.0033783783783783786,79.0,56.0,0.9763513513513513,0.9966216216216216,108.0,0.4527027027027027,0.0,0.22972972972972974,0.0,0.037162162162162164,0.28040540540540543,3,3,0,1.0
3326,475,429.0,36,10.333796296296295,3.15,13.194444444444445,24.0,1.5,22.0,1.9391978114923045,0.0037206383360229504,0.6,0.5268065268065268,0.1561771561771562,18.0,0.0,0.34265734265734266,0.331002331002331,32.0,0.31002331002331,0.08158508158508158,0.18181818181818182,0.06993006993006994,0.04195804195804196,0.3146853146853147,4,4,0,2.0
3327,329,313.0,30,12.420555555555556,3.291666666666667,10.966666666666667,22.0,1.3636363636363635,22.0,1.721259163941616,-0.05382157778323913,0.64,0.4728434504792332,0.134185303514377,0.0,14.0,0.23961661341853036,0.3706070287539936,101.0,0.2747603833865815,0.0,0.2523961661341853,0.006389776357827476,0.012779552715654952,0.4536741214057508,3,3,0,2.0
3328,2130,870.0,71,10.46643192488263,0.9833333333333333,30.0,50.0,1.42,15.0,1.6433164138539327,0.04252873563218391,0.84,0.44482758620689655,0.07816091954022988,7.0,0.0,0.3482758620689655,0.31724137931034485,107.0,0.38275862068965516,0.0,0.13218390804597702,0.0,0.04252873563218391,0.4425287356321839,3,3,0,2.0
3329,901,872.0,40,10.0925,1.6333333333333333,22.525,27.0,1.4814814814814814,22.0,2.211226863165289,-0.03656492589978828,0.68,0.588302752293578,0.06880733944954129,12.0,26.0,0.49426605504587157,0.3830275229357798,24.0,0.37155963302752293,0.0,0.0860091743119266,0.1811926605504587,0.0,0.36123853211009177,3,3,4,2.0
3330,894,834.0,84,11.884325396825396,1.15,10.642857142857142,63.0,1.3333333333333333,15.0,1.1326296742579183,0.022712599151448073,0.96,0.31534772182254195,0.22422062350119903,0.0,0.0,0.7050359712230215,0.5539568345323741,7.0,0.31534772182254195,0.06354916067146282,0.14028776978417265,0.06474820143884892,0.005995203836930456,0.41007194244604317,5,5,3,2.0
3331,393,322.0,30,6.819999999999999,1.6916666666666667,13.1,17.0,1.7647058823529411,31.0,3.070164408339149,-0.006091734352603917,0.44,0.7236024844720497,0.6677018633540373,19.0,31.0,0.3105590062111801,0.16459627329192547,19.0,0.15838509316770186,0.012422360248447204,0.2453416149068323,0.19254658385093168,0.006211180124223602,0.38509316770186336,4,3,2,3.0
3333,595,299.0,28,8.375595238095238,0.45833333333333337,21.25,26.0,1.0769230769230769,16.0,1.7724932144832917,-0.04225623874453306,0.68,0.49498327759197325,0.26421404682274247,4.0,40.0,0.6254180602006689,0.06688963210702341,20.0,0.3277591973244147,0.0,0.22408026755852842,0.006688963210702341,0.0,0.4414715719063545,3,3,0,2.0
3334,1507,1381.0,140,7.157380952380952,0.625,10.764285714285714,62.0,2.2580645161290325,18.0,1.633234176460281,0.08078037096864032,0.88,0.47719044170890657,0.27081824764663287,3.0,0.0,0.13540912382331644,0.5916002896451846,31.0,0.06299782766111513,0.3381607530774801,0.04706734250543085,0.23026792179580013,0.001448225923244026,0.32005792903692976,12,11,7,2.0
3335,270,265.0,56,2.824404761904762,0.29166666666666663,4.821428571428571,44.0,1.2727272727272727,33.0,1.0258322429485425,-0.03925979680696662,0.8,0.24528301886792453,0.24150943396226415,3.0,0.0,0.15471698113207547,0.3471698113207547,13.0,0.07547169811320754,0.0,0.12075471698113208,0.45660377358490567,0.0037735849056603774,0.3433962264150943,1,1,6,2.0
3336,1706,1474.0,162,12.385185185185184,1.3,10.530864197530864,87.0,1.8620689655172413,9.0,1.1000912201277302,0.025349650349650348,1.0,0.3093622795115332,0.189280868385346,2.0,0.0,0.036635006784260515,0.15807327001356852,23.0,0.1350067842605156,0.09769335142469471,0.07327001356852103,0.18385345997286295,0.007462686567164179,0.5027137042062415,8,6,5,2.0
3337,12,12.0,4,2.3958333333333335,0.0,3.0,4.0,1.0,75.0,3.7323659460931156,0.030448717948717948,0.12,0.9166666666666666,0.0,14.0,48.0,0.08333333333333333,0.0,123.0,0.3333333333333333,0.0,0.08333333333333333,0.0,0.0,0.5833333333333334,0,0,0,
3338,317,296.0,6,9.805555555555555,6.491666666666667,52.833333333333336,5.0,1.2,75.0,3.5292882624054194,0.08686330561330562,0.12,0.9527027027027027,0.0,30.0,44.0,0.8277027027027027,0.32094594594594594,107.0,0.2668918918918919,0.0,0.23986486486486486,0.0,0.0033783783783783786,0.48986486486486486,3,3,0,3.0
3339,671,657.0,37,10.696396396396398,3.716666666666667,18.135135135135137,29.0,1.2758620689655173,12.0,1.536292757442406,-0.09231940053857862,0.64,0.3866057838660578,0.0410958904109589,0.0,39.0,0.136986301369863,0.6286149162861492,30.0,0.1872146118721461,0.0,0.1019786910197869,0.1948249619482496,0.0030441400304414,0.512937595129376,3,3,5,2.0
3340,661,130.0,20,6.2683333333333335,0.3666666666666667,33.05,13.0,1.5384615384615385,29.0,2.916490555404442,0.020414201183431954,0.44,0.676923076923077,0.6,39.0,20.0,0.07692307692307693,0.14615384615384616,99.0,0.06153846153846154,0.0,0.5538461538461539,0.0,0.0,0.38461538461538464,3,3,0,3.0
3341,762,626.0,51,13.065359477124185,1.4666666666666666,14.941176470588236,35.0,1.457142857142857,23.0,1.751351035757427,-0.06091791594986484,0.68,0.5143769968051118,0.15814696485623003,1.0,37.0,0.01597444089456869,0.36900958466453676,95.0,0.2971246006389776,0.13099041533546327,0.13258785942492013,0.0,0.0,0.43929712460063897,7,5,0,2.0
3342,758,678.0,12,17.602777777777778,8.991666666666667,63.166666666666664,8.0,1.5,18.0,4.178850539431858,0.006041524846834577,0.2,0.9941002949852508,0.1504424778761062,90.0,41.0,0.09144542772861357,0.10766961651917405,101.0,0.551622418879056,0.0,0.10176991150442478,0.0,0.02064896755162242,0.32595870206489674,3,3,0,1.0
3343,2861,1848.0,156,10.613995726495727,3.166666666666667,18.33974358974359,71.0,2.1971830985915495,8.0,1.0174521530907552,-0.05158383283383283,0.96,0.2667748917748918,0.11093073593073594,0.0,1.0,0.046536796536796536,0.19155844155844157,15.0,0.30898268398268397,0.2343073593073593,0.07142857142857142,0.0010822510822510823,0.003246753246753247,0.38095238095238093,10,10,0,2.0
3344,1649,461.0,24,17.373611111111114,5.508333333333333,68.70833333333333,16.0,1.5,62.0,2.438301384077297,-0.062406140497246784,0.4,0.6464208242950108,0.1735357917570499,2.0,1.0,0.2603036876355748,0.10629067245119306,98.0,0.2603036876355748,0.227765726681128,0.16702819956616052,0.0,0.015184381778741865,0.3297180043383948,7,7,0,1.0
3345,738,664.0,39,18.832478632478633,1.5166666666666666,18.923076923076923,28.0,1.3928571428571428,20.0,2.2961084596865664,-0.011208294717330862,0.72,0.6490963855421686,0.26656626506024095,4.0,9.0,0.1897590361445783,0.7439759036144579,93.0,0.4246987951807229,0.03765060240963856,0.11144578313253012,0.0,0.007530120481927711,0.4186746987951807,4,4,0,2.0
3346,1970,1808.0,162,15.727469135802469,2.2666666666666666,12.160493827160494,68.0,2.3823529411764706,6.0,1.244184579094771,-0.07154101429543906,0.8,0.3163716814159292,0.17809734513274336,3.0,38.0,0.03650442477876106,0.2815265486725664,13.0,0.5647123893805309,0.08628318584070796,0.018805309734513276,0.06803097345132743,0.008296460176991151,0.2538716814159292,6,6,5,2.0
3347,195,193.0,16,5.779166666666667,0.6,12.1875,16.0,1.0,24.0,2.3398013721151574,0.030589876444798728,0.48,0.6839378238341969,0.3160621761658031,43.0,23.0,0.0,0.32642487046632124,44.0,0.010362694300518135,0.0,0.35233160621761656,0.35751295336787564,0.0,0.27979274611398963,3,3,4,3.0
3348,182,162.0,13,10.223076923076924,1.8333333333333333,14.0,11.0,1.1818181818181819,82.0,3.115027908722994,-0.06790123456790122,0.2,0.9135802469135802,0.0,4.0,43.0,0.5925925925925926,0.037037037037037035,105.0,0.024691358024691357,0.0,0.41975308641975306,0.0,0.0,0.5555555555555556,2,2,0,3.0
3349,754,420.0,38,12.350438596491228,2.2666666666666666,19.842105263157894,27.0,1.4074074074074074,28.0,2.2180587414446142,0.012087912087912087,0.72,0.6023809523809524,0.20714285714285716,1.0,0.0,0.002380952380952381,0.15476190476190477,95.0,0.1523809523809524,0.30714285714285716,0.16904761904761906,0.0,0.0,0.37142857142857144,8,8,0,2.0
3350,811,284.0,19,11.17719298245614,0.4666666666666667,42.68421052631579,14.0,1.3571428571428572,48.0,2.1956815924052235,-0.048415492957746484,0.36,0.5950704225352113,0.5950704225352113,7.0,43.0,0.02464788732394366,0.2605633802816901,95.0,0.323943661971831,0.0,0.28169014084507044,0.0,0.0035211267605633804,0.3908450704225352,3,3,0,3.0
3351,368,336.0,22,8.036363636363637,0.7333333333333334,16.727272727272727,20.0,1.1,30.0,2.694732989435826,0.0014880952380952384,0.4,0.7083333333333334,0.7083333333333334,12.0,40.0,0.5625,0.6964285714285714,32.0,0.15476190476190477,0.0,0.19642857142857142,0.31547619047619047,0.0,0.3333333333333333,3,3,5,3.0
3352,35,35.0,6,2.7083333333333335,1.2666666666666666,5.833333333333333,5.0,1.2,23.0,2.821202522590214,-0.015934065934065933,0.2,0.7428571428571429,0.5428571428571428,30.0,65.0,0.05714285714285714,0.11428571428571428,175.0,0.05714285714285714,0.0,0.0,0.0,0.0,0.9428571428571428,0,0,0,3.0
3353,806,513.0,38,12.286842105263156,0.9833333333333334,21.210526315789473,27.0,1.4074074074074074,15.0,1.6802689238885817,0.022454640875693512,0.64,0.4502923976608187,0.1364522417153996,9.0,37.0,0.04093567251461988,0.18518518518518517,31.0,0.16374269005847952,0.15009746588693956,0.1364522417153996,0.12085769980506822,0.017543859649122806,0.41130604288499023,6,6,3,2.0
3354,48,48.0,4,37.54166666666667,1.7916666666666667,12.0,3.0,1.3333333333333333,94.0,3.758439577212272,-0.015224358974358974,0.08,1.0,0.0,7.0,66.0,0.0,0.25,175.0,0.4791666666666667,0.0,0.0,0.0,0.0,0.5208333333333334,0,0,0,1.0
3355,2811,1974.0,31,17.706451612903226,4.5,90.6774193548387,23.0,1.3478260869565217,22.0,2.1071235990069983,-0.04915828851999064,0.52,0.6160081053698075,0.3819655521783181,7.0,20.0,0.14387031408308004,0.0025329280648429585,74.0,0.4265450861195542,0.34093211752786223,0.034447821681864235,0.010638297872340425,0.005572441742654508,0.1818642350557244,13,12,1,2.0
3356,1141,1094.0,79,13.575527426160338,3.4166666666666665,14.443037974683545,57.0,1.3859649122807018,9.0,1.8513415182374875,-0.0913549430459851,0.76,0.49817184643510054,0.11060329067641682,1.0,27.0,0.06398537477148081,0.489945155393053,9.0,0.4780621572212066,0.10786106032906764,0.05210237659963437,0.19195612431444242,0.02102376599634369,0.1489945155393053,6,5,6,2.0
3357,1928,1321.0,59,17.537005649717514,1.6666666666666667,32.67796610169491,41.0,1.4390243902439024,32.0,2.221970469209292,0.04613346532347289,0.8,0.6729750189250567,0.3474640423921272,0.0,0.0,0.4473883421650265,0.3981831945495837,15.0,0.15972747918243754,0.45268735806207416,0.09008327024981075,0.10522331566994701,0.012869038607115822,0.1794095382286147,16,15,5,2.0
3358,1565,704.0,69,12.048067632850243,3.433333333333333,22.681159420289855,49.0,1.4081632653061225,13.0,1.159202311936963,0.04020979020979021,0.88,0.3039772727272727,0.2627840909090909,1.0,17.0,0.07244318181818182,0.34232954545454547,12.0,0.16335227272727273,0.0,0.12073863636363637,0.18892045454545456,0.0,0.5269886363636364,3,3,3,2.0
3359,473,449.0,17,15.320588235294121,0.43333333333333335,27.823529411764707,15.0,1.1333333333333333,18.0,2.5094738177494555,-0.011093027240020559,0.4,0.7193763919821826,0.48997772828507796,8.0,64.0,0.5924276169265034,0.22048997772828507,104.0,0.5233853006681515,0.0,0.13140311804008908,0.0,0.0400890868596882,0.3051224944320713,2,2,0,1.0
3360,346,260.0,28,5.035714285714286,1.6,12.357142857142858,24.0,1.1666666666666667,20.0,1.8775377303782959,-0.03039940828402367,0.56,0.5038461538461538,0.3423076923076923,1.0,34.0,0.4269230769230769,0.4307692307692308,23.0,0.057692307692307696,0.1346153846153846,0.13076923076923078,0.16153846153846155,0.0038461538461538464,0.5115384615384615,2,2,3,2.0
3361,333,301.0,26,5.616666666666666,1.1333333333333333,12.807692307692308,18.0,1.4444444444444444,41.0,1.847588328480748,-0.07078967544083822,0.52,0.4485049833887043,0.31561461794019935,0.0,1.0,0.006644518272425249,0.08305647840531562,97.0,0.32558139534883723,0.0,0.24916943521594684,0.0,0.0033222591362126247,0.4219269102990033,3,3,0,2.0
3362,1046,1028.0,53,14.767924528301888,3.3,19.735849056603772,39.0,1.358974358974359,13.0,2.0364492674404455,-0.11622642921281054,0.72,0.5379377431906615,0.13424124513618677,6.0,41.0,0.013618677042801557,0.2791828793774319,12.0,0.4678988326848249,0.0019455252918287938,0.10019455252918288,0.17217898832684825,0.029182879377431907,0.22859922178988326,3,3,6,2.0
3363,1352,855.0,22,12.812121212121212,3.1666666666666665,61.45454545454545,17.0,1.2941176470588236,27.0,2.627846605990823,-0.01875843454790823,0.4,0.7309941520467836,0.5087719298245614,0.0,43.0,0.04093567251461988,0.4327485380116959,15.0,0.504093567251462,0.0,0.11695906432748537,0.18596491228070175,0.004678362573099415,0.18830409356725147,3,3,4,1.0
3364,350,340.0,40,10.702499999999999,0.8166666666666667,8.75,28.0,1.4285714285714286,20.0,2.0665820200695495,0.005656108597285065,0.76,0.6,0.6,1.0,0.0,0.014705882352941176,0.17352941176470588,10.0,0.16470588235294117,0.0,0.08529411764705883,0.2529411764705882,0.0029411764705882353,0.49411764705882355,1,1,4,2.0
3365,2325,2296.0,14,38.73571428571428,2.45,166.07142857142858,10.0,1.4,28.0,2.3235372456104253,-0.053429040471723394,0.36,0.5949477351916377,0.03440766550522648,9.0,40.0,0.17378048780487804,0.057055749128919864,50.0,0.7277874564459931,0.10714285714285714,0.029181184668989547,0.007404181184668989,0.013937282229965157,0.11454703832752614,9,9,1,1.0
3366,1200,962.0,11,30.981818181818184,2.9166666666666665,109.0909090909091,10.0,1.1,40.0,3.166309928276305,0.026867103790180723,0.24,0.9334719334719335,0.9334719334719335,74.0,25.0,0.4293139293139293,0.4968814968814969,97.0,0.4261954261954262,0.39397089397089397,0.08627858627858628,0.0,0.02494802494802495,0.06860706860706861,15,15,0,1.0
3367,969,463.0,19,14.321052631578949,8.6,51.0,16.0,1.1875,56.0,2.3271133461644995,-0.04298886858282106,0.4,0.6825053995680346,0.4449244060475162,7.0,37.0,0.47300215982721383,0.35853131749460043,99.0,0.28509719222462204,0.06479481641468683,0.3045356371490281,0.0,0.0,0.34557235421166305,4,4,0,1.0
3369,1530,731.0,93,11.372043010752687,1.45,16.451612903225808,56.0,1.6607142857142858,12.0,1.4387733443123467,-0.08607808060612439,0.72,0.43091655266757867,0.265389876880985,0.0,41.0,0.0,0.18194254445964433,103.0,0.3378932968536252,0.0,0.20930232558139536,0.0,0.0013679890560875513,0.45143638850889195,3,3,0,2.0
3370,14,14.0,3,1.3055555555555556,1.9,4.666666666666667,3.0,1.0,7.0,4.547930679923316,-0.20879120879120877,0.08,1.0,0.0,10.0,150.0,0.0,0.42857142857142855,175.0,0.2857142857142857,0.07142857142857142,0.0,0.0,0.07142857142857142,0.5714285714285714,0,0,0,
3371,1763,854.0,24,28.45138888888889,9.883333333333333,73.45833333333333,15.0,1.6,46.0,2.9833147221786143,-0.0392271662763466,0.44,0.8501170960187353,0.1053864168618267,20.0,21.0,0.01990632318501171,0.949648711943794,25.0,0.6194379391100703,0.00117096018735363,0.08665105386416862,0.00234192037470726,0.00117096018735363,0.2892271662763466,3,3,0,1.0
3372,490,126.0,6,27.24722222222222,4.491666666666667,81.66666666666667,5.0,1.2,102.0,3.0281080141944443,0.044871794871794865,0.2,0.7301587301587301,0.6031746031746031,0.0,37.0,0.12698412698412698,0.12698412698412698,103.0,0.07142857142857142,0.0,0.6111111111111112,0.0,0.0,0.31746031746031744,3,3,0,3.0
3373,942,652.0,48,13.590972222222222,1.9166666666666665,19.625,35.0,1.3714285714285714,18.0,1.9431347140234354,-0.029111609249646064,0.84,0.5460122699386503,0.2607361963190184,6.0,1.0,0.1196319018404908,0.013803680981595092,91.0,0.30368098159509205,0.04141104294478527,0.15644171779141106,0.003067484662576687,0.012269938650306749,0.4831288343558282,4,4,0,2.0
3374,2037,1346.0,29,13.65287356321839,0.8333333333333334,70.24137931034483,21.0,1.380952380952381,19.0,3.454471546187906,-0.03707566579037604,0.64,0.8476968796433878,0.0,9.0,37.0,0.06315007429420505,0.11292719167904904,31.0,0.5846953937592868,0.0,0.048291233283803865,0.03937592867756315,0.017087667161961365,0.31054977711738485,3,3,3,1.0
3375,908,837.0,24,5.009722222222222,0.725,37.833333333333336,16.0,1.5,20.0,3.445069524740448,0.012521827037956066,0.56,0.8327359617682198,0.7741935483870968,20.0,20.0,0.9127837514934289,0.1135005973715651,92.0,0.7084826762246117,0.011947431302270013,0.08243727598566308,0.011947431302270013,0.06451612903225806,0.12066905615292713,3,3,0,1.0
3376,1475,881.0,56,11.686309523809525,2.1166666666666667,26.339285714285715,37.0,1.5135135135135136,20.0,2.488055833895956,0.030079455164585697,0.6,0.6753688989784336,0.19296254256526674,0.0,38.0,0.04767309875141884,0.2054483541430193,33.0,0.10669693530079455,0.4869466515323496,0.06923950056753689,0.03064699205448354,0.0011350737797956867,0.30533484676503975,14,14,1,2.0
3377,446,433.0,41,8.921951219512195,2.716666666666667,10.878048780487806,25.0,1.64,24.0,2.4826907996925978,0.0004885414816130765,0.44,0.6443418013856813,0.5057736720554272,1.0,39.0,0.5681293302540416,0.6143187066974596,32.0,0.17321016166281755,0.0023094688221709007,0.14087759815242495,0.24942263279445728,0.004618937644341801,0.4295612009237875,2,2,5,2.0
3378,6,6.0,2,0.75,0.75,3.0,2.0,1.0,51.0,3.590109871423003,-0.14102564102564105,0.08,1.0,0.0,2.0,117.0,0.3333333333333333,0.3333333333333333,175.0,0.0,0.0,0.0,0.0,0.0,1.0,0,0,0,
3379,67,67.0,8,4.275,1.2833333333333334,8.375,7.0,1.1428571428571428,18.0,2.573750662065656,-0.17365097588978184,0.16,0.7313432835820896,0.0,4.0,130.0,0.13432835820895522,0.29850746268656714,15.0,0.014925373134328358,0.0,0.0,0.3582089552238806,0.0,0.6268656716417911,0,0,1,3.0
3380,1058,777.0,57,5.76374269005848,0.9666666666666667,18.56140350877193,34.0,1.6764705882352942,23.0,1.8245693374813703,-0.055044055044055046,0.68,0.49163449163449163,0.36164736164736166,1.0,23.0,0.02445302445302445,0.1364221364221364,96.0,0.24967824967824967,0.039897039897039896,0.33462033462033464,0.0,0.001287001287001287,0.3745173745173745,5,3,0,2.0
3381,533,525.0,27,5.8962962962962955,1.4833333333333334,19.74074074074074,17.0,1.588235294117647,37.0,2.1517065947385277,-0.005091575091575091,0.56,0.5676190476190476,0.4247619047619048,11.0,0.0,0.10476190476190476,0.005714285714285714,14.0,0.44,0.0019047619047619048,0.13523809523809524,0.1619047619047619,0.0038095238095238095,0.2571428571428571,3,3,5,2.0
3415,414,381.0,19,14.757894736842104,1.7166666666666666,21.789473684210527,15.0,1.2666666666666666,27.0,2.7202594074953463,0.07182515647082575,0.44,0.7952755905511811,0.0,15.0,20.0,0.0026246719160104987,0.6587926509186351,107.0,0.3438320209973753,0.0,0.3123359580052493,0.0,0.0,0.3438320209973753,3,3,0,3.0
3416,1104,1071.0,14,13.283333333333333,0.8666666666666667,78.85714285714286,9.0,1.5555555555555556,60.0,4.290739320458485,0.20853982618688502,0.16,0.9981325863678805,0.0009337068160597573,86.0,0.0,0.2838468720821662,0.873015873015873,106.0,0.7161531279178338,0.0457516339869281,0.08870214752567694,0.0,0.02054154995331466,0.12885154061624648,9,6,0,1.0
3417,1095,1022.0,36,9.962962962962964,1.9249999999999998,30.416666666666668,24.0,1.5,31.0,1.9950584438749883,0.028451001053740783,0.44,0.538160469667319,0.0,40.0,0.0,0.20058708414872797,0.5048923679060665,105.0,0.4041095890410959,0.05185909980430528,0.07240704500978473,0.003913894324853229,0.03131115459882583,0.436399217221135,5,5,0,1.0
3418,382,378.0,30,9.485000000000001,1.8583333333333334,12.733333333333333,25.0,1.2,16.0,1.5790482076461412,-0.10332722832722833,0.76,0.41534391534391535,0.11904761904761904,2.0,18.0,0.06878306878306878,0.2037037037037037,19.0,0.21164021164021163,0.0,0.0873015873015873,0.16666666666666666,0.010582010582010581,0.5238095238095238,1,1,4,2.0
3419,1139,742.0,43,8.633720930232558,0.65,26.488372093023255,30.0,1.4333333333333333,21.0,1.5752555195368187,-0.06785195936139334,0.6,0.3881401617250674,0.014824797843665768,0.0,1.0,0.057951482479784364,0.4110512129380054,96.0,0.4326145552560647,0.0,0.2223719676549865,0.0026954177897574125,0.03638814016172507,0.3059299191374663,3,3,0,2.0
3420,1,1.0,1,0.0,0.0,1.0,1.0,1.0,0.0,4.898979485566357,0.03846153846153845,0.04,1.0,1.0,104.0,67.0,0.0,0.0,175.0,0.0,0.0,0.0,0.0,0.0,1.0,0,0,0,
3421,566,439.0,25,7.542666666666666,0.8666666666666667,22.64,20.0,1.25,22.0,2.211801702254908,-0.0458209216751358,0.4,0.621867881548975,0.0888382687927107,0.0,41.0,0.15034168564920272,0.3097949886104784,24.0,0.11617312072892938,0.11845102505694761,0.11161731207289294,0.19134396355353075,0.009111617312072893,0.4533029612756264,3,3,3,2.0
3422,373,346.0,34,4.761274509803921,0.7333333333333333,10.970588235294118,23.0,1.4782608695652173,14.0,1.7532278837321082,-0.024899955535793685,0.6,0.42485549132947975,0.18497109826589594,14.0,42.0,0.0,0.42196531791907516,103.0,0.30346820809248554,0.0,0.1907514450867052,0.0,0.017341040462427744,0.4884393063583815,3,3,0,2.0
3423,629,612.0,20,6.126666666666667,0.9,31.45,18.0,1.1111111111111112,21.0,2.25422458330026,0.012977626948215184,0.48,0.5964052287581699,0.10784313725490197,22.0,33.0,0.20261437908496732,0.20261437908496732,104.0,0.45751633986928103,0.09640522875816994,0.09477124183006536,0.0,0.0016339869281045752,0.34967320261437906,3,2,0,2.0
3424,1637,902.0,29,11.989080459770115,1.4,56.44827586206897,21.0,1.380952380952381,30.0,2.976485310069245,-0.10056711581101827,0.48,0.7594235033259423,0.16851441241685144,7.0,24.0,0.10643015521064302,0.18957871396895787,98.0,0.5266075388026608,0.03215077605321508,0.10864745011086474,0.0,0.02106430155210643,0.311529933481153,4,4,0,1.0
3425,326,313.0,11,7.169696969696971,0.3333333333333333,29.636363636363637,9.0,1.2222222222222223,31.0,3.7333823402535233,0.13553698697468666,0.28,0.9744408945686901,0.23961661341853036,27.0,18.0,0.0,0.10223642172523961,103.0,0.7060702875399361,0.0,0.21405750798722045,0.0,0.0,0.07987220447284345,3,3,0,1.0
3427,1529,1510.0,75,8.342222222222222,1.2333333333333334,20.386666666666667,51.0,1.4705882352941178,20.0,2.2228533792716116,0.015078960774325013,0.84,0.6205298013245033,0.05827814569536424,0.0,0.0,0.6417218543046358,0.31788079470198677,14.0,0.33774834437086093,0.029801324503311258,0.07019867549668875,0.06423841059602649,0.024503311258278145,0.4735099337748344,4,4,4,2.0
3428,560,458.0,19,16.23157894736842,5.05,29.473684210526315,16.0,1.1875,38.0,2.2278083386384955,-0.0938444743029896,0.28,0.5851528384279476,0.19868995633187772,1.0,44.0,0.05021834061135371,0.49563318777292575,95.0,0.13100436681222707,0.4148471615720524,0.16812227074235808,0.0,0.0,0.28602620087336245,9,8,0,2.0
3429,17,17.0,1,3.966666666666667,3.966666666666667,17.0,1.0,1.0,0.0,4.898979485566356,-0.01923076923076923,0.04,1.0,0.0,77.0,94.0,0.0,0.0,175.0,0.0,0.0,0.0,0.0,0.0,1.0,0,0,0,
3430,108,102.0,10,7.2683333333333335,1.3833333333333333,10.8,9.0,1.1111111111111112,23.0,2.3792645195478452,0.08616138763197587,0.28,0.6274509803921569,0.0196078431372549,70.0,1.0,0.3431372549019608,0.39215686274509803,70.0,0.0784313725490196,0.00980392156862745,0.3235294117647059,0.0392156862745098,0.0,0.5490196078431373,1,1,0,3.0
3431,3994,3699.0,33,20.7020202020202,5.35,121.03030303030303,27.0,1.2222222222222223,12.0,3.4823157343685516,0.085854804832907,0.56,0.8218437415517708,0.09380913760475804,41.0,20.0,0.12543930792105976,0.0454176804541768,96.0,0.44904028115706945,0.10840767775074345,0.0202757502027575,0.0,0.013517166801838334,0.40875912408759124,15,15,0,1.0
3432,477,392.0,25,20.971999999999998,16.05,19.08,20.0,1.25,33.0,1.9349721017546813,0.03743131868131869,0.56,0.5535714285714286,0.5535714285714286,10.0,22.0,0.45918367346938777,0.2372448979591837,95.0,0.2602040816326531,0.13520408163265307,0.25255102040816324,0.0,0.002551020408163265,0.3494897959183674,5,5,0,2.0
3433,527,510.0,34,5.833333333333334,0.6583333333333333,15.5,26.0,1.3076923076923077,18.0,2.216510344758138,0.05399698340874811,0.52,0.6411764705882353,0.0058823529411764705,26.0,31.0,0.0,0.09411764705882353,128.0,0.42549019607843136,0.06274509803921569,0.0196078431372549,0.00784313725490196,0.0196078431372549,0.4647058823529412,1,1,0,2.0
3434,376,320.0,52,6.482692307692308,0.6833333333333333,7.230769230769231,32.0,1.625,27.0,1.5037388299668266,-0.010156250000000004,0.6,0.3875,0.26875,3.0,37.0,0.065625,0.1125,22.0,0.203125,0.025,0.228125,0.053125,0.0,0.490625,4,3,1,2.0
3435,531,334.0,9,35.02777777777778,17.216666666666665,59.0,9.0,1.0,34.0,2.9564924566156625,-0.12004836480884386,0.24,0.781437125748503,0.2275449101796407,1.0,40.0,0.0,0.017964071856287425,99.0,0.5389221556886228,0.0,0.218562874251497,0.0,0.005988023952095809,0.23652694610778444,3,3,0,1.0
3436,408,399.0,29,5.677586206896552,2.0833333333333335,14.068965517241379,20.0,1.45,31.0,2.156297529344295,-0.006506651243493349,0.36,0.5914786967418546,0.5037593984962406,28.0,40.0,0.44360902255639095,0.42857142857142855,29.0,0.2832080200501253,0.0,0.10275689223057644,0.11779448621553884,0.0,0.49624060150375937,1,1,4,3.0
3437,664,579.0,18,9.998148148148148,1.7,36.888888888888886,16.0,1.125,25.0,2.8612495931206445,0.0001992825827022742,0.36,0.8307426597582038,0.0034542314335060447,54.0,14.0,0.4697754749568221,0.14680483592400692,107.0,0.4784110535405872,0.0,0.1157167530224525,0.0,0.027633851468048358,0.37823834196891193,3,3,0,1.0
3439,202,199.0,6,10.952777777777778,2.9916666666666667,33.666666666666664,4.0,1.5,34.0,4.457017322044511,0.10755701584847313,0.12,0.9949748743718593,0.08542713567839195,93.0,14.0,0.0,1.0,129.0,0.0,0.04020100502512563,0.8090452261306532,0.0,0.0,0.1507537688442211,3,2,0,3.0
3440,477,434.0,29,19.45344827586207,1.2,16.448275862068964,16.0,1.8125,42.0,4.006728927886828,0.0478110599078341,0.44,0.8709677419354839,0.059907834101382486,20.0,0.0,0.47235023041474655,0.8087557603686636,38.0,0.2834101382488479,0.12672811059907835,0.195852534562212,0.004608294930875576,0.020737327188940093,0.3686635944700461,5,4,0,1.0
3441,500,483.0,30,9.385555555555555,2.7333333333333334,16.666666666666668,26.0,1.1538461538461537,27.0,1.668737060041408,-0.09810479375696766,0.64,0.474120082815735,0.16563146997929606,1.0,1.0,0.4409937888198758,0.525879917184265,12.0,0.36438923395445133,0.0,0.10559006211180125,0.18012422360248448,0.051759834368530024,0.2981366459627329,1,1,3,2.0
3442,1202,697.0,81,8.927366255144033,1.65,14.839506172839506,53.0,1.528301886792453,16.0,1.2262586619070686,0.02579737335834897,0.84,0.34576757532281205,0.20373027259684362,0.0,0.0,0.2654232424677188,0.5308464849354376,24.0,0.14347202295552366,0.15064562410329985,0.09899569583931134,0.2065997130559541,0.01721664275466284,0.3830703012912482,5,5,5,2.0
3443,312,294.0,9,11.392592592592592,2.6,34.666666666666664,7.0,1.2857142857142858,58.0,4.42034775703435,0.09118262689691262,0.2,0.9489795918367347,0.0,20.0,43.0,0.35374149659863946,0.35374149659863946,128.0,0.2755102040816326,0.0,0.3163265306122449,0.0,0.0,0.40816326530612246,3,3,0,3.0
3444,1188,784.0,23,17.98913043478261,0.7833333333333333,51.65217391304348,15.0,1.5333333333333334,65.0,3.8038002607083965,0.03958987441130299,0.36,0.9579081632653061,0.7627551020408163,16.0,41.0,0.061224489795918366,0.02295918367346939,103.0,0.49489795918367346,0.03188775510204082,0.09183673469387756,0.01020408163265306,0.01403061224489796,0.35714285714285715,4,4,0,1.0
3445,1289,830.0,52,10.48974358974359,1.025,24.78846153846154,37.0,1.4054054054054055,18.0,2.5883012261026654,-0.039110287303058384,0.64,0.6421686746987951,0.1710843373493976,11.0,34.0,0.25662650602409637,0.2385542168674699,13.0,0.26385542168674697,0.0012048192771084338,0.12650602409638553,0.17349397590361446,0.01325301204819277,0.42168674698795183,3,3,7,2.0
3447,1228,853.0,106,9.35251572327044,2.158333333333333,11.584905660377359,52.0,2.0384615384615383,18.0,1.297622707707537,0.005546036612859588,0.76,0.34349355216881594,0.12075029308323564,12.0,19.0,0.205158264947245,0.18874560375146543,15.0,0.16998827667057445,0.08675263774912075,0.09495896834701055,0.09261430246189918,0.008206330597889801,0.5474794841735052,5,5,1,2.0
3448,241,241.0,15,9.753333333333334,3.3333333333333335,16.066666666666666,9.0,1.6666666666666667,34.0,4.067118234401058,-0.09280242578997767,0.28,0.8879668049792531,0.012448132780082987,8.0,73.0,0.029045643153526972,0.07468879668049792,43.0,0.5850622406639004,0.0,0.0,0.008298755186721992,0.012448132780082987,0.3941908713692946,0,0,0,1.0
3449,996,977.0,23,17.309420289855073,0.9,43.30434782608695,17.0,1.3529411764705883,37.0,2.8487286196963546,0.054995669632312415,0.44,0.8352098259979529,0.12282497441146366,0.0,33.0,0.011258955987717503,0.007164790174002047,68.0,0.5097236438075742,0.0,0.07267144319344933,0.0020470829068577278,0.03582395087001024,0.3797338792221085,3,3,0,1.0
3450,281,265.0,32,5.338541666666667,0.8083333333333333,8.78125,29.0,1.103448275862069,11.0,1.8283398559057573,-0.09049346879535561,0.68,0.5169811320754717,0.07169811320754717,13.0,40.0,0.6339622641509434,0.3660377358490566,14.0,0.09811320754716982,0.0,0.1169811320754717,0.41509433962264153,0.0,0.36981132075471695,1,1,8,2.0
3451,1964,991.0,122,5.187021857923496,0.55,16.098360655737704,66.0,1.8484848484848484,10.0,0.9572160194431967,-0.003201893968796089,0.92,0.2462159434914228,0.2462159434914228,3.0,0.0,0.18062563067608475,0.248234106962664,103.0,0.17759838546922302,0.18264379414732593,0.09485368314833502,0.0,0.0,0.544904137235116,7,7,0,2.0
e id '2,26,0.0,3,39.75555555555555,40.56666666666667,8.666666666666666,0.0,0.0,0.0,0.0,0.0,0.0,0.0,0.0,175.0,175.0,0.0,0.0,175.0,0.0,0.0,0.0,0.0,0.0,0.0,0,0,0,
e id '3,3308,0.0,338,27.207988165680472,15.533333333333333,9.78698224852071,0.0,0.0,0.0,0.0,0.0,0.0,0.0,0.0,175.0,175.0,0.0,0.0,175.0,0.0,0.0,0.0,0.0,0.0,0.0,0,0,0,
