feature,median_pass,median_notpass,prob_superiority,p_value,n_pass,n_notpass
total_clicks,401.0,193.0,0.6804,0.0,15385,11147
weekly_cv,0.7937,1.0876,0.3532,0.0,15385,11147
active_week_ratio,1.0,0.75,0.6942,0.0,15385,11147
longest_gap_days,7.0,9.0,0.445,0.0,15385,11147
days_since_last_active,1.0,4.0,0.3084,0.0,15385,11147
pre_course_clicks,41.0,14.0,0.6297,0.0,15385,11147
mean_latency,-1.0,0.0,0.3703,0.0,13827,8634
submission_rate,1.0,0.6667,0.637,0.0,15385,11147
share_late,0.0,0.0,0.4223,0.0,13827,8634
mean_score,81.6667,70.0,0.7121,0.0,13827,8627
