,0
cat__code_module_GGG,3.027503715901963
cat__code_module_FFF,-1.237849625371426
cat__code_module_DDD,-1.0499189196792897
cat__code_module_EEE,-0.9067458828300199
num__submission_rate,0.6613622543767547
num__mean_score,0.6309797776790017
cat__code_module_CCC,-0.5543286454641547
cat__imd_band_Unknown,0.49305518181778923
cat__code_module_AAA,0.42656449023511067
cat__imd_band_0-10%,-0.38618191444549155
num__days_since_last_active,-0.3572292961463459
num__active_days,0.34536031097787223
cat__code_module_BBB,0.32667275022398656
cat__highest_education_No Formal quals,-0.31894804142307287
cat__highest_education_Lower Than A Level,-0.29611662648894743
num__no_submissions,-0.2930625837858068
cat__highest_education_HE Qualification,0.26442764333485624
cat__imd_band_10-20,-0.24493430018397402
cat__imd_band_20-30%,-0.23442924017494213
cat__highest_education_A Level or Equivalent,0.23242114989488447
cat__imd_band_90-100%,0.22971153704372937
cat__region_Scotland,-0.22228845897492155
num__weekly_cv,-0.22116053497644883
cat__region_South East Region,0.20001828042790343
num__share_late,-0.1904336550107272
