mean_fit_time,std_fit_time,mean_score_time,std_score_time,param_clf__max_depth,param_clf__max_features,param_clf__min_samples_leaf,params,split0_test_score,split1_test_score,split2_test_score,split3_test_score,split4_test_score,mean_test_score,std_test_score,rank_test_score
10.513534450531006,1.1757739021287645,0.19257650375366211,0.04141101605787424,,sqrt,1,"{'clf__max_depth': None, 'clf__max_features': 'sqrt', 'clf__min_samples_leaf': 1}",0.8259843799364672,0.8264739164939565,0.8262740783263173,0.8227060560487125,0.8286555934662327,0.8260188048543373,0.001907901205931482,10
9.949044322967529,0.7624391950011997,0.21108107566833495,0.045904270230899366,,sqrt,3,"{'clf__max_depth': None, 'clf__max_features': 'sqrt', 'clf__min_samples_leaf': 3}",0.8254931801069075,0.8269667540208623,0.827828576895741,0.8233227569510674,0.8305356256640922,0.826829378727734,0.0024014728123493883,4
8.266865730285645,0.689062349855675,0.17623038291931153,0.047427056752118654,,sqrt,8,"{'clf__max_depth': None, 'clf__max_features': 'sqrt', 'clf__min_samples_leaf': 8}",0.8253028913870226,0.8283306213566735,0.8279244801632862,0.8246746845425867,0.827530127362094,0.8267525609623325,0.001475628071100856,5
23.56615800857544,1.23644556142707,0.15520133972167968,0.003993595294920997,,0.3,1,"{'clf__max_depth': None, 'clf__max_features': 0.3, 'clf__min_samples_leaf': 1}",0.8225372178332397,0.8217060902431643,0.8268278570517377,0.8210949535984153,0.8314046304826008,0.8247141498418316,0.003901700304770761,12
20.636711740493773,0.9221941961189095,0.14653568267822265,0.007513709006685071,,0.3,3,"{'clf__max_depth': None, 'clf__max_features': 0.3, 'clf__min_samples_leaf': 3}",0.8253133618189781,0.8250640311962958,0.828545687314344,0.8222837649475461,0.830434864874538,0.8263283420303402,0.0028554306320278332,8
18.116092872619628,0.6388036317011535,0.16095852851867676,0.035335988967515324,,0.3,8,"{'clf__max_depth': None, 'clf__max_features': 0.3, 'clf__min_samples_leaf': 8}",0.8265939411707399,0.8278092367070322,0.829117234341115,0.823593967793999,0.8309860856644524,0.8276200931354676,0.0024847448925563167,2
8.064531612396241,1.133453364792177,0.13173909187316896,0.002319527877101204,12,sqrt,1,"{'clf__max_depth': 12, 'clf__max_features': 'sqrt', 'clf__min_samples_leaf': 1}",0.8250465934222013,0.827986913998938,0.8251526251526251,0.8248172822977038,0.8278862096093422,0.826177924896162,0.0014403594679146905,9
7.4050939083099365,1.1526190215184662,0.13302245140075683,0.01041145549319095,12,sqrt,3,"{'clf__max_depth': 12, 'clf__max_features': 'sqrt', 'clf__min_samples_leaf': 3}",0.8259092659680916,0.8281291928586518,0.8256608441309934,0.824848919741765,0.8282035377067619,0.8265503520812528,0.0013654924911317365,7
7.5504350662231445,1.1029694501014142,0.12693967819213867,0.0033748257773956853,12,sqrt,8,"{'clf__max_depth': 12, 'clf__max_features': 'sqrt', 'clf__min_samples_leaf': 8}",0.8242922670852411,0.8268329251094783,0.8261068740546351,0.8226689164404667,0.8272836965623018,0.8254369358504245,0.001719321166721205,11
17.756145000457764,0.5227742818098711,0.14733967781066895,0.031313355366111816,12,0.3,1,"{'clf__max_depth': 12, 'clf__max_features': 0.3, 'clf__min_samples_leaf': 1}",0.8246462132089507,0.825516560185899,0.827961839155869,0.8231982704863912,0.8317326729626202,0.8266111111999461,0.002992029701499118,6
17.34244532585144,0.4628847909601177,0.14455108642578124,0.006359511846172592,12,0.3,3,"{'clf__max_depth': 12, 'clf__max_features': 0.3, 'clf__min_samples_leaf': 3}",0.8260433330207377,0.8258109381155472,0.8282962476992327,0.8238195565255667,0.8308009776076242,0.8269542105937419,0.0023900420954926127,3
16.102891397476196,0.0518420546981428,0.1228254795074463,0.003926609666067581,12,0.3,8,"{'clf__max_depth': 12, 'clf__max_features': 0.3, 'clf__min_samples_leaf': 8}",0.826543182337565,0.8284601111054017,0.8294564266579192,0.8227876714841171,0.8309744594195039,0.8276443702009013,0.002822715471545821,1
