,mean,std
mean_score,0.08182860571904298,0.003548102110383783
submission_rate,0.025523328163854143,0.0011703646275365354
code_module,0.02462326132189232,0.0010579146093717031
days_since_last_active,0.01105447365981287,0.0010739270531839535
mean_latency,0.009993881646346448,0.0011000559582162318
highest_education,0.004361717300141921,0.0008526238519328772
n_submitted,0.0037790155703903094,0.0005099814333327199
weekly_cv,0.002574728573320928,0.0014203339996589045
trend_slope,0.0017954618559025582,0.0003195084840696114
share_other,0.0016846437738389452,0.0006358788492883086
active_days,0.001634501420917678,0.0006046568250951693
active_week_ratio,0.0014557822359398287,0.0004945278457483715
share_late,0.0010246682675657537,0.0002885834527871142
share_resource,0.0009376155715219659,0.0002987959937883276
share_homepage,0.0009271402304314114,0.00038779803671613693
share_oucontent,0.0008931606614090093,0.00017038942895017888
share_quiz,0.0008234604694432823,0.00035097027305763204
code_presentation,0.0007759296974034103,0.0001291068084081201
gender,0.0007407604082017682,0.0004759338482522555
share_url,0.0007142383534737507,0.000310539571790336
num_of_prev_attempts,0.0006449444074229094,7.430963945904002e-05
share_subpage,0.0005811057636574857,0.00035325302108967866
first_access_day,0.000555483253455269,0.00018502573567271145
imd_band,0.00043340635603656975,7.690938053017166e-05
registration_lead_days,0.0004121654982018885,0.00020130956403115066
region,0.00034661481808093695,0.00015787729049979152
age_band,0.0003114165113139222,6.269927080637619e-05
pre_course_clicks,0.0002805128042184579,0.00040640153942847533
total_clicks,0.00015695601096696877,0.0005309699363973663
share_forumng,0.00010132933819499979,0.00017988675683908127
studied_credits,9.793428304925023e-05,0.00026748644514833046
disability,6.630513681999961e-05,6.480051808717303e-05
no_submissions,5.469811068079533e-05,8.392028396599908e-05
longest_gap_days,5.3015091890662444e-05,0.0003652982750427004
zero_activity,-1.244853553421521e-05,3.8576995153229774e-06
